datetime,tree1_left_vs,tree1_right_vs
2026-07-20 17:00:00,0.0015722,0.0014383
2026-07-20 18:00:00,0.00158024,0.00115761
2026-07-20 19:00:00,0.00171492,0.00118626
2026-07-20 20:00:00,0.00163151,0.00082963
2026-07-20 21:00:00,0.00151137,0.00057109
2026-07-20 22:00:00,0.0013452,0.00033851
2026-07-20 23:00:00,0.00144977,0.00048052
2026-07-21 00:00:00,0.00147051,0.00047374
2026-07-21 01:00:00,0.00143497,0.00047265
2026-07-21 02:00:00,0.00148455,0.00052261
2026-07-21 03:00:00,0.00145943,0.00041188
2026-07-21 04:00:00,0.00145547,0.00042175
2026-07-21 05:00:00,0.00146058,0.0003434
2026-07-21 06:00:00,0.00145134,0.00036467
2026-07-21 07:00:00,0.00137976,0.00052921
2026-07-21 08:00:00,0.0013102,0.00068265
2026-07-21 09:00:00,0.00156057,0.00075123
2026-07-21 10:00:00,0.00172297,0.00095448
2026-07-21 11:00:00,0.0018585,0.00081862
2026-07-21 12:00:00,0.00173524,0.00122285
2026-07-21 13:00:00,0.00188488,0.00164185
2026-07-21 14:00:00,0.00183028,0.00145295
2026-07-21 15:00:00,0.00178438,0.00184279
2026-07-21 16:00:00,0.00168453,0.00169538
2026-07-21 17:00:00,0.00161091,0.00164117
2026-07-21 18:00:00,0.00156193,0.0016705
2026-07-21 19:00:00,0.00151119,0.00156211
2026-07-21 20:00:00,0.00168907,0.00084148
2026-07-21 21:00:00,0.00136375,0.00059065
2026-07-21 22:00:00,0.00149276,0.00047173
2026-07-21 23:00:00,0.00141617,0.00029223
2026-07-22 00:00:00,0.00138896,0.00032863
2026-07-22 01:00:00,0.00137949,0.00046218
2026-07-22 02:00:00,0.00143506,0.00039774
2026-07-22 03:00:00,0.00142289,0.00039798
2026-07-22 04:00:00,0.00146094,0.00040773
2026-07-22 05:00:00,0.00144396,0.00037442
2026-07-22 06:00:00,0.00149338,0.00033716
2026-07-22 07:00:00,0.00251931,0.00047019
2026-07-22 08:00:00,0.00159814,0.00067104
2026-07-22 09:00:00,0.00167638,0.00080103
2026-07-22 10:00:00,0.0017902,0.00098352
2026-07-22 11:00:00,0.00176465,0.00093819
2026-07-22 12:00:00,0.00193701,0.00114069
2026-07-22 13:00:00,0.00190365,0.00123541
2026-07-22 14:00:00,0.00203648,0.00134221
2026-07-22 15:00:00,0.00200436,0.00137829
2026-07-22 16:00:00,0.00193921,0.00116668
2026-07-22 17:00:00,0.00193035,0.00106389
2026-07-22 18:00:00,0.00184395,0.00102249
2026-07-22 19:00:00,0.00180757,0.00078845
2026-07-22 20:00:00,0.00180236,0.00072667
2026-07-22 21:00:00,0.00141078,0.00065058
2026-07-22 22:00:00,0.0012935,0.00032193
2026-07-22 23:00:00,0.00142862,0.00028138
2026-07-23 00:00:00,0.00146192,0.00036718
2026-07-23 01:00:00,0.00152045,0.00029456
2026-07-23 02:00:00,0.00149599,0.00022946
2026-07-23 03:00:00,0.00149077,0.00023054
2026-07-23 04:00:00,0.00145402,0.00022481
2026-07-23 05:00:00,0.00149017,0.00024466
2026-07-23 06:00:00,0.00150206,0.00016733
2026-07-23 07:00:00,0.00165855,0.00046539
2026-07-23 08:00:00,0.0014676,0.00073877
2026-07-23 09:00:00,0.00158727,0.00070591
2026-07-23 10:00:00,0.00161133,0.00066475
2026-07-23 11:00:00,0.00178962,0.00087638
2026-07-23 12:00:00,0.00196109,0.0009182
2026-07-23 13:00:00,0.00185403,0.00103456
2026-07-23 14:00:00,0.00170862,0.00090588
2026-07-23 15:00:00,0.00184009,0.00105506
2026-07-23 16:00:00,0.00201836,0.0011551
2026-07-23 17:00:00,0.00198363,0.00106309
2026-07-23 18:00:00,0.00197756,0.00105653
2026-07-23 19:00:00,0.00194872,0.0010098
2026-07-23 20:00:00,0.00179527,0.00072468
2026-07-23 21:00:00,0.00163624,0.00048868
2026-07-23 22:00:00,0.00139373,0.00027316
2026-07-23 23:00:00,0.00152618,0.00037073
2026-07-24 00:00:00,0.00155653,0.00038844
2026-07-24 01:00:00,0.00154515,0.00041933
2026-07-24 02:00:00,0.00157344,0.00036663
2026-07-24 03:00:00,0.00157972,0.00022027
2026-07-24 04:00:00,0.00158723,0.00019856
2026-07-24 05:00:00,0.00155838,0.00022226
2026-07-24 06:00:00,0.00159551,0.00020381
2026-07-24 07:00:00,0.00154539,0.00042365
2026-07-24 08:00:00,0.00153742,0.00066183
2026-07-24 09:00:00,0.00196673,0.0007555
2026-07-24 10:00:00,0.00186833,0.00085484
2026-07-24 11:00:00,0.00215825,0.00121308
2026-07-24 12:00:00,0.00190269,0.00117667
2026-07-24 13:00:00,0.0019931,0.00142975
2026-07-24 14:00:00,0.00215881,0.0015156
2026-07-24 15:00:00,0.00216202,0.00148812
2026-07-24 16:00:00,0.00209443,0.00137388
2026-07-24 17:00:00,0.00205235,0.0011963
2026-07-24 18:00:00,0.00198099,0.00105697
2026-07-24 19:00:00,0.00193396,0.00099042
2026-07-24 20:00:00,0.00174416,0.00066614
2026-07-24 21:00:00,0.00177844,0.00045759
2026-07-24 22:00:00,0.00140916,0.00023393
2026-07-24 23:00:00,0.0015407,0.00035308
2026-07-25 00:00:00,0.00158417,0.00031855
2026-07-25 01:00:00,0.00162526,0.00025503
2026-07-25 02:00:00,0.00158937,0.00022135
2026-07-25 03:00:00,0.00158463,0.00022257
2026-07-25 04:00:00,0.00160826,0.00028131
2026-07-25 05:00:00,0.0016264,0.00020469
2026-07-25 06:00:00,0.00163473,0.0002228
2026-07-25 07:00:00,0.00164459,0.00042838
2026-07-25 08:00:00,0.00165408,0.00075344
2026-07-25 09:00:00,0.00190199,0.0008788
2026-07-25 10:00:00,0.00176653,0.00086988
2026-07-25 11:00:00,0.00182086,0.00121356
2026-07-25 12:00:00,0.00208217,0.001161
2026-07-25 13:00:00,0.00177344,0.00109621
2026-07-25 14:00:00,0.00197661,0.00126502
2026-07-25 15:00:00,0.00208473,0.00128372
2026-07-25 16:00:00,0.00194857,0.0013494
2026-07-25 17:00:00,0.00201006,0.00102514
2026-07-25 18:00:00,0.00175715,0.00099308
2026-07-25 19:00:00,0.00188585,0.0010128
2026-07-25 20:00:00,0.001784,0.00068162
2026-07-25 21:00:00,0.00160154,0.00049865
2026-07-25 22:00:00,0.00151567,0.00024208
2026-07-25 23:00:00,0.00158619,0.00037371
2026-07-26 00:00:00,0.0016306,0.00019319
2026-07-26 01:00:00,0.0016076,0.0001562
2026-07-26 02:00:00,0.00163459,0.00012846
2026-07-26 03:00:00,0.00165547,0.00020932
2026-07-26 04:00:00,0.0016656,0.00021388
2026-07-26 05:00:00,0.00162477,0.00013121
2026-07-26 06:00:00,0.00166827,0.00017762
2026-07-26 07:00:00,0.00204795,0.00046727
2026-07-26 08:00:00,0.00208405,0.00084965
2026-07-26 09:00:00,0.0016084,0.00077822
2026-07-26 10:00:00,0.00206089,0.0010301
2026-07-26 11:00:00,0.00224873,0.00105674
2026-07-26 12:00:00,0.00213157,0.00142406
2026-07-26 13:00:00,0.00211976,0.00137139
2026-07-26 14:00:00,0.00218084,0.00154402
2026-07-26 15:00:00,0.00222846,0.00151294
2026-07-26 16:00:00,0.0021441,0.00170116
2026-07-26 17:00:00,0.0020517,0.00129055
2026-07-26 18:00:00,0.00199887,0.00127078
2026-07-26 19:00:00,0.00207629,0.00110333
2026-07-26 20:00:00,0.00175798,0.00074356
2026-07-26 21:00:00,0.00158915,0.0004813
2026-07-26 22:00:00,0.00154006,0.00026624
2026-07-26 23:00:00,0.00165853,0.00035542
2026-07-27 00:00:00,0.00163276,0.00018274
2026-07-27 01:00:00,0.00160035,0.00019543
2026-07-27 02:00:00,0.00170311,0.00014492
2026-07-27 03:00:00,0.00169436,0.00012159
2026-07-27 04:00:00,0.00171597,0.00015715
2026-07-27 05:00:00,0.00165765,0.00016799
2026-07-27 06:00:00,0.00173033,0.00018228
2026-07-27 07:00:00,0.00173423,0.00048762
2026-07-27 08:00:00,0.00179736,0.00077289
2026-07-27 09:00:00,0.00203589,0.00083488
2026-07-27 10:00:00,0.00217973,0.00106028
2026-08-03 14:00:00,,0.00208598
2026-08-03 15:00:00,,0.00157384
2026-08-03 16:00:00,,0.00155284
2026-08-03 17:00:00,,0.00151021
2026-08-03 18:00:00,,0.00120797
2026-08-03 19:00:00,,0.00105549
2026-08-03 20:00:00,,0.00090736
2026-08-03 21:00:00,,0.00029869
2026-08-03 22:00:00,,0.00021424
2026-08-03 23:00:00,,0.00025852
2026-08-04 00:00:00,,0.00023956
2026-08-04 01:00:00,,0.00023241
2026-08-04 02:00:00,,0.00019044
2026-08-04 03:00:00,,0.00020391
2026-08-04 04:00:00,,0.00023448
2026-08-04 05:00:00,,0.00023614
2026-08-04 06:00:00,,0.00020775
2026-08-04 07:00:00,,0.00037893
2026-08-04 08:00:00,,0.00081465
2026-08-04 09:00:00,,0.00098538
2026-08-04 10:00:00,,0.00103781
2026-08-04 11:00:00,,0.00134621
2026-08-04 12:00:00,,0.00137643
2026-08-04 13:00:00,,0.00135117
2026-08-04 14:00:00,,0.00172588
2026-08-04 15:00:00,,0.00180588
2026-08-04 16:00:00,,0.00151131
2026-08-04 17:00:00,,0.00170686
2026-08-04 18:00:00,,0.00141487
2026-08-04 19:00:00,,0.00094393
2026-08-04 20:00:00,,0.00092693
2026-08-04 21:00:00,,0.0002217
2026-08-04 22:00:00,,8.91e-06
2026-08-04 23:00:00,,5.79e-05
2026-08-05 00:00:00,,3.647e-05
2026-08-05 01:00:00,,-3.18e-05
2026-08-05 02:00:00,,5.015e-05
2026-08-05 03:00:00,,-1.123e-05
2026-08-05 04:00:00,,3.079e-05
2026-08-05 05:00:00,,1.616e-05
2026-08-05 06:00:00,,-7.577e-05
2026-08-05 07:00:00,,0.00018575
2026-08-05 08:00:00,,0.00102685
2026-08-05 09:00:00,,0.0013648
2026-08-05 10:00:00,,0.00087187
2026-08-05 11:00:00,,0.00129431
2026-08-05 12:00:00,,0.00155406
2026-08-05 13:00:00,,0.00164061
2026-08-05 14:00:00,,0.00168294
2026-08-05 15:00:00,,0.0020304
2026-08-05 16:00:00,,0.00178025
2026-08-05 17:00:00,,0.00172086
2026-08-05 18:00:00,,0.00139922
2026-08-05 19:00:00,,0.00091354
2026-08-05 20:00:00,,0.00085551
2026-08-05 21:00:00,,0.00042048
2026-08-05 22:00:00,,2.955e-05
2026-08-05 23:00:00,,0.00011201
2026-08-06 00:00:00,,3.741e-05
2026-08-06 01:00:00,,-1.857e-05
2026-08-06 02:00:00,,-5.594e-05
2026-08-06 03:00:00,,2.238e-05
2026-08-06 04:00:00,,-9.542e-05
2026-08-06 05:00:00,,-5.57e-05
2026-08-06 06:00:00,,-0.00011574
2026-08-06 07:00:00,,0.00021349
2026-08-06 08:00:00,,0.00114588
2026-08-06 09:00:00,,0.00107851
2026-08-06 10:00:00,,0.00111402
2026-08-06 11:00:00,,0.00127429
2026-08-06 12:00:00,,0.00164081
2026-08-06 13:00:00,0.00199069,0.00209588
2026-08-06 14:00:00,0.0019938,0.00211188
2026-08-06 15:00:00,0.00209735,0.0021671
2026-08-06 16:00:00,0.00196305,0.00199322
2026-08-06 17:00:00,0.00193167,0.00179469
2026-08-06 18:00:00,0.00193241,0.0017164
2026-08-06 19:00:00,0.00181902,0.00144273
2026-08-06 20:00:00,0.00164931,0.00086809
2026-08-06 21:00:00,0.00168446,0.00034444
2026-08-06 22:00:00,0.00139418,2.134e-05
2026-08-06 23:00:00,0.00145172,-5.631e-05
2026-08-07 00:00:00,0.00146898,-6.654e-05
2026-08-07 01:00:00,0.00147753,-5.643e-05
2026-08-07 02:00:00,0.00149182,-3.322e-05
2026-08-07 03:00:00,0.00150139,-0.00010727
2026-08-07 04:00:00,0.00146934,-5.526e-05
2026-08-07 05:00:00,0.00152366,-6.884e-05
2026-08-07 06:00:00,0.0015076,-7.698e-05
2026-08-07 07:00:00,0.00159343,0.0001854
2026-08-07 08:00:00,0.00181877,0.00087859
2026-08-07 09:00:00,0.00160967,0.00119735
2026-08-07 10:00:00,0.00193147,0.00107278
2026-08-07 11:00:00,0.00190697,0.00128458
2026-08-07 12:00:00,0.00201347,0.00175424
2026-08-07 13:00:00,0.00205364,0.00190937
2026-08-07 14:00:00,0.00200001,0.00205151
2026-08-07 15:00:00,0.00208145,0.00211466
2026-08-07 16:00:00,0.00203383,0.00194493
2026-08-07 17:00:00,0.00188484,0.00175173
2026-08-07 18:00:00,0.00188691,0.00168875
2026-08-07 19:00:00,0.00172828,0.00129806
2026-08-07 20:00:00,0.00162989,0.00079218
2026-08-07 21:00:00,0.00138985,0.00034247
2026-08-07 22:00:00,0.00137591,0.00012923
2026-08-07 23:00:00,0.00144939,-0.00012246
2026-08-08 00:00:00,0.00147125,-9.635e-05
2026-08-08 01:00:00,0.00146029,-8.501e-05
2026-08-08 02:00:00,0.0014655,-9.517e-05
2026-08-08 03:00:00,0.00149557,-0.00010431
2026-08-08 04:00:00,0.00150098,-8.25e-05
2026-08-08 05:00:00,0.00158268,-8.562e-05
2026-08-08 06:00:00,0.00153392,-9.78e-06
2026-08-08 07:00:00,0.00156215,0.00017606
2026-08-08 08:00:00,0.00193673,0.00099073
2026-08-08 09:00:00,0.00198571,0.00088145
2026-08-08 10:00:00,0.00176041,0.00126183
2026-08-08 11:00:00,0.00197343,0.00178185
2026-08-08 12:00:00,0.00193641,0.0016345
2026-08-08 13:00:00,0.00193151,0.00198327
2026-08-08 14:00:00,0.00192421,0.00205403
2026-08-08 15:00:00,0.00179461,0.00197359
2026-08-08 16:00:00,0.00189581,0.00195726
2026-08-08 17:00:00,0.00192498,0.00183128
2026-08-08 18:00:00,0.00179548,0.00176734
2026-08-08 19:00:00,0.00153755,0.00137146
2026-08-08 20:00:00,0.0014799,0.000831
2026-08-08 21:00:00,0.00154237,0.00037328
2026-08-08 22:00:00,0.00135926,4.1e-07
2026-08-08 23:00:00,0.00142643,-5.184e-05
2026-08-09 00:00:00,0.00143567,-8.46e-05
2026-08-09 01:00:00,0.00140077,-9.688e-05
2026-08-09 02:00:00,0.0014357,-8.516e-05
2026-08-09 03:00:00,0.00140179,-2.25e-05
2026-08-09 04:00:00,0.00143589,-0.00010563
2026-08-09 05:00:00,0.00146625,-0.00010609
2026-08-09 06:00:00,0.00147889,-2.869e-05
2026-08-09 07:00:00,0.0015258,0.00021234
2026-08-09 08:00:00,0.00162402,0.00096181
2026-08-09 09:00:00,0.00162853,0.00074415
2026-08-09 10:00:00,0.00175104,0.00153445
2026-08-09 11:00:00,0.00181883,0.00157787
2026-08-09 12:00:00,0.00186243,0.00168785
2026-08-09 13:00:00,0.00168382,0.00216948
2026-08-09 14:00:00,0.00180474,0.0020151
2026-08-09 15:00:00,0.00179977,0.00185788
2026-08-09 16:00:00,0.00183482,0.00184527
2026-08-09 17:00:00,0.00179422,0.00167523
2026-08-09 18:00:00,0.00180744,0.00175712
2026-08-09 19:00:00,0.00186337,0.00121515
2026-08-09 20:00:00,0.00147311,0.00084584
2026-08-09 21:00:00,0.00139522,0.00042085
2026-08-09 22:00:00,0.00136148,3.553e-05
2026-08-09 23:00:00,0.00142303,-4.4e-07
2026-08-10 00:00:00,0.00141132,-9.198e-05
2026-08-10 01:00:00,0.0014189,-0.00014475
2026-08-10 02:00:00,0.00144511,-8.723e-05
2026-08-10 03:00:00,0.00143165,-9.819e-05
2026-08-10 04:00:00,0.00141262,-0.00012079
2026-08-10 05:00:00,0.00142904,-8.291e-05
2026-08-10 06:00:00,0.00146824,-4.607e-05
2026-08-10 07:00:00,0.00148241,0.0001791
2026-08-10 08:00:00,0.00171063,0.00111824
2026-08-10 09:00:00,0.00148983,0.00120448
2026-08-10 10:00:00,0.00161683,0.00146865
2026-08-10 11:00:00,0.0015889,0.0015852
2026-08-10 12:00:00,0.00154461,0.00121041
2026-08-10 13:00:00,0.00168852,0.00192932
2026-08-10 14:00:00,0.00133081,0.00275334
2026-08-10 15:00:00,0.00177219,0.00225703
2026-08-10 16:00:00,0.00176399,0.00169473
2026-08-10 17:00:00,0.00162818,0.00201754
2026-08-10 18:00:00,0.00173445,0.00177629
2026-08-10 19:00:00,0.00166941,0.00165328
2026-08-10 20:00:00,0.0015019,0.00085115
2026-08-10 21:00:00,0.00137051,0.00039439
2026-08-10 22:00:00,0.00135872,5.007e-05
2026-08-10 23:00:00,0.00142664,3.88e-06
2026-08-11 00:00:00,0.00140289,-3.807e-05
2026-08-11 01:00:00,0.00144659,3.876e-05
2026-08-11 02:00:00,0.00142566,-7.037e-05
2026-08-11 03:00:00,0.00142975,-7.494e-05
2026-08-11 04:00:00,0.00142135,-5.804e-05
2026-08-11 05:00:00,0.00142302,-8.695e-05
2026-08-11 06:00:00,0.00148564,-0.00011965
2026-08-11 07:00:00,0.00144113,0.00012447
2026-08-11 08:00:00,0.00167474,0.00106098
2026-08-11 09:00:00,0.00157357,0.00098823
2026-08-11 10:00:00,0.00164127,0.00155917
2026-08-11 11:00:00,0.00160957,0.00193882
2026-08-11 12:00:00,0.00179866,0.0019023
2026-08-11 13:00:00,0.00177409,0.00228333
2026-08-11 14:00:00,0.00161477,0.00245861
2026-08-11 15:00:00,0.00169695,0.00222107
2026-08-11 16:00:00,0.0016671,0.00221665
2026-08-11 17:00:00,0.00170322,0.00201223
2026-08-11 18:00:00,0.00167728,0.0018867
2026-08-11 19:00:00,0.00171976,0.00147694
2026-08-11 20:00:00,0.00147802,0.00111239
2026-08-11 21:00:00,0.00130912,0.00070083
2026-08-11 22:00:00,0.00131495,2.697e-05
2026-08-11 23:00:00,0.00136499,9.81e-06
2026-08-12 00:00:00,0.00139281,4.11e-06
2026-08-12 01:00:00,0.00141367,-1.051e-05
2026-08-12 02:00:00,0.00135071,-3.208e-05
2026-08-12 03:00:00,0.00136699,-0.00010771
2026-08-12 04:00:00,0.0013945,-5.281e-05
2026-08-12 05:00:00,0.0014323,8.18e-06
2026-08-12 06:00:00,0.00145155,-3.791e-05
2026-08-12 07:00:00,0.00142001,0.0001786
2026-08-12 08:00:00,0.00148445,0.00111699
2026-08-12 09:00:00,0.00154637,0.00090098
2026-08-12 10:00:00,0.00166959,0.00120344
2026-08-12 11:00:00,0.00174288,0.00132883
2026-08-12 12:00:00,0.00173605,0.00150078
2026-08-12 13:00:00,0.00161754,0.00198837
2026-08-12 14:00:00,0.00160785,0.00201663
2026-08-12 15:00:00,0.00159917,0.00174671
2026-08-12 16:00:00,0.00164751,0.00165603
2026-08-12 17:00:00,0.00173209,0.00176833
2026-08-12 18:00:00,0.00157851,0.00163485
2026-08-12 19:00:00,0.0016314,0.00139787
2026-08-12 20:00:00,0.00149846,0.00083379
2026-08-12 21:00:00,0.00133674,0.0003847
2026-08-12 22:00:00,0.00141429,-2.299e-05
2026-08-12 23:00:00,0.00143581,3.56e-06
2026-08-13 00:00:00,0.00142612,-4.675e-05
2026-08-13 01:00:00,0.00143816,-9.998e-05
2026-08-13 02:00:00,0.00144617,-0.00011476
2026-08-13 03:00:00,0.00142144,-0.0001309
2026-08-13 04:00:00,0.00143703,-4.024e-05
2026-08-13 05:00:00,0.00147853,-5.09e-05
2026-08-13 06:00:00,0.00146335,-8.729e-05
2026-08-13 07:00:00,0.00140602,6.218e-05
2026-08-13 08:00:00,0.00165722,0.00093802
2026-08-13 09:00:00,0.00174687,0.00106449
2026-08-13 10:00:00,0.00155586,0.00148189
2026-08-13 11:00:00,0.00171792,0.00135244
2026-08-13 12:00:00,0.00172675,0.00153104
2026-08-13 13:00:00,0.00173516,0.00144757
2026-08-13 14:00:00,0.00178545,0.00174071
2026-08-13 15:00:00,0.00184891,0.00177749
2026-08-13 16:00:00,0.00177566,0.00189798
2026-08-13 17:00:00,0.00178555,0.00166294
2026-08-13 18:00:00,0.00164727,0.00151873
2026-08-13 19:00:00,0.00158648,0.00130003
2026-08-13 20:00:00,0.00158244,0.0006289
2026-08-13 21:00:00,0.00129361,0.00031915
2026-08-13 22:00:00,0.00136583,2.37e-05
2026-08-13 23:00:00,0.00143493,3.256e-05
2026-08-14 00:00:00,0.00144241,-3.861e-05
2026-08-14 01:00:00,0.0014459,-5.791e-05
2026-08-14 02:00:00,0.00143352,-5.923e-05
2026-08-14 03:00:00,0.00141542,-8.547e-05
2026-08-14 04:00:00,0.00142591,-8.377e-05
2026-08-14 05:00:00,0.00144776,-9.335e-05
2026-08-14 06:00:00,0.00143996,-7.609e-05
2026-08-14 07:00:00,0.00144453,4.471e-05
2026-08-14 08:00:00,0.00167064,0.00116568
2026-08-14 09:00:00,0.00162988,0.00061012
2026-08-14 10:00:00,0.00176161,0.00091458
2026-08-14 11:00:00,0.00172724,0.00110633
2026-08-14 12:00:00,0.00166562,0.00123827
2026-08-14 13:00:00,0.00169794,0.00155046
2026-08-14 14:00:00,0.00168412,0.00168968
2026-08-14 15:00:00,0.00162918,0.00192533
2026-08-14 16:00:00,0.0017855,0.00165141
2026-08-14 17:00:00,0.00163023,0.0018026
2026-08-14 18:00:00,0.00167196,0.00161551
2026-08-14 19:00:00,0.00178482,0.00134555
2026-08-14 20:00:00,0.00170507,0.00063457
2026-08-14 21:00:00,0.00161353,0.00027681
2026-08-14 22:00:00,0.00147257,0.00017216
2026-08-14 23:00:00,0.00157755,0.00016302
2026-08-15 00:00:00,0.00162991,0.00014645
2026-08-15 01:00:00,0.00167427,0.00011359
2026-08-15 02:00:00,0.00159782,0.00010052
2026-08-15 03:00:00,0.00163254,0.00011711
2026-08-15 04:00:00,0.00163793,9.511e-05
2026-08-15 05:00:00,0.00161366,2.923e-05
2026-08-15 06:00:00,0.00158228,2.453e-05
2026-08-15 07:00:00,0.00152131,0.00018547
2026-08-15 08:00:00,0.00146686,0.00095583
2026-08-15 09:00:00,0.00251639,0.00087628
2026-08-15 10:00:00,0.00131502,0.00125104
2026-08-15 11:00:00,0.00147084,0.00122138
2026-08-15 12:00:00,0.00215999,0.00135906
2026-08-15 13:00:00,0.00122508,0.00230466
2026-08-15 14:00:00,0.00234517,0.00123903
2026-08-15 15:00:00,0.0012702,0.00160682
2026-08-15 16:00:00,0.0011983,0.0018561
2026-08-15 17:00:00,0.00211347,0.00128822
2026-08-15 18:00:00,0.00150778,0.00142464
2026-08-15 19:00:00,0.00166278,0.00128398
2026-08-15 20:00:00,0.00143049,0.00111217
2026-08-15 21:00:00,0.00114798,0.00046782
2026-08-15 22:00:00,0.00140928,0.00021548
2026-08-15 23:00:00,0.00132721,0.0001383
2026-08-16 00:00:00,0.00148506,0.00019883
2026-08-16 01:00:00,0.00148249,0.00022773
2026-08-16 02:00:00,0.00148749,8.986e-05
2026-08-16 03:00:00,0.0015145,0.00016344
2026-08-16 04:00:00,0.00157001,0.00013447
2026-08-16 05:00:00,0.00155087,0.00014206
2026-08-16 06:00:00,0.00153625,0.00013681
2026-08-16 07:00:00,0.00146623,0.00025445
2026-08-16 08:00:00,0.00239502,0.0015452
2026-08-16 09:00:00,0.00129617,0.0016203
2026-08-16 10:00:00,0.00235003,0.00187433
2026-08-16 11:00:00,0.0017243,0.00169841
2026-08-16 12:00:00,0.00180166,0.00236701
2026-08-16 13:00:00,0.0018617,0.00241075
2026-08-16 14:00:00,0.00198175,0.00284379
2026-08-16 15:00:00,0.00203928,0.00253249
2026-08-16 16:00:00,0.00157247,0.00262327
2026-08-16 17:00:00,0.00202285,0.00228114
2026-08-16 18:00:00,0.00206802,0.00221299
2026-08-16 19:00:00,0.00139322,0.00150808
2026-08-16 20:00:00,0.00170008,0.00124268
2026-08-16 21:00:00,0.00132476,0.00054845
2026-08-16 22:00:00,0.00137821,0.00024158
2026-08-16 23:00:00,0.00144384,0.00030709
2026-08-17 00:00:00,0.00143989,0.00022428
2026-08-17 01:00:00,0.00151393,0.00018975
2026-08-17 02:00:00,0.00143988,0.00021913
2026-08-17 03:00:00,0.00150847,0.0001103
2026-08-17 04:00:00,0.00143788,0.00017032
2026-08-17 05:00:00,0.00142587,0.00021785
2026-08-17 06:00:00,0.00155453,0.00021605
2026-08-17 07:00:00,0.00137527,0.00025334
2026-08-17 08:00:00,0.00222357,0.00115306
2026-08-17 09:00:00,0.0023434,0.00141484
2026-08-17 10:00:00,0.00222706,0.00143555
2026-08-17 11:00:00,0.00152601,0.00168388
2026-08-17 12:00:00,0.00159282,0.001888
2026-08-17 13:00:00,0.00184699,0.00235617
2026-08-17 14:00:00,0.00199295,0.00248653
2026-08-17 15:00:00,0.00178445,0.00281814
2026-08-17 16:00:00,0.00190992,0.00244107
2026-08-17 17:00:00,0.00189915,0.0026124
2026-08-17 18:00:00,0.00192408,0.00247636
2026-08-17 19:00:00,0.00165859,0.00189956
2026-08-17 20:00:00,0.00143907,0.00157011
2026-08-17 21:00:00,0.00123254,0.00120006
2026-08-17 22:00:00,0.0012743,0.00027569
2026-08-17 23:00:00,0.00135491,0.00011648
2026-08-18 00:00:00,0.00131153,0.00019689
2026-08-18 01:00:00,0.00133553,0.00010453
2026-08-18 02:00:00,0.00142015,0.00010218
2026-08-18 03:00:00,0.00143577,9.683e-05
2026-08-18 04:00:00,0.00137784,0.00010623
2026-08-18 05:00:00,0.00151295,0.0001067
2026-08-18 06:00:00,0.00149787,7.964e-05
2026-08-18 07:00:00,0.00131809,0.00018733
2026-08-18 08:00:00,0.00129782,0.00206496
2026-08-18 09:00:00,0.00120974,0.00169603
2026-08-18 10:00:00,0.00142766,0.00226797
2026-08-18 11:00:00,0.00168915,0.00202958
2026-08-18 12:00:00,0.00199385,0.00231114
2026-08-18 13:00:00,0.00193021,0.00263611
2026-08-18 14:00:00,0.00163911,0.00255077
2026-08-18 15:00:00,0.00216145,0.00305076
2026-08-18 16:00:00,0.00142811,0.00281682
2026-08-18 17:00:00,0.00163205,0.00246071
2026-08-18 18:00:00,0.00183105,0.00225367
2026-08-18 19:00:00,0.00141149,0.0019026
2026-08-18 20:00:00,0.00148781,0.00122075
2026-08-18 21:00:00,0.00124127,0.00087866
2026-08-18 22:00:00,0.00130608,0.00019924
2026-08-18 23:00:00,0.00128383,0.00023311
2026-08-19 00:00:00,0.00135088,9.406e-05
2026-08-19 01:00:00,0.00132682,0.00011903
2026-08-19 02:00:00,0.00130978,0.00011368
2026-08-19 03:00:00,0.00141352,3.985e-05
2026-08-19 04:00:00,0.0014198,9.106e-05
2026-08-19 05:00:00,0.00137196,3.969e-05
2026-08-19 06:00:00,0.00133727,4.912e-05
2026-08-19 07:00:00,0.00125141,0.00021812
2026-08-19 08:00:00,0.00138272,0.00127046
2026-08-19 09:00:00,0.00171222,0.00136292
2026-08-19 10:00:00,0.00141777,0.0020665
2026-08-19 11:00:00,0.001607,0.00236074
2026-08-19 12:00:00,0.00160862,0.00250334
2026-08-19 13:00:00,0.00177764,0.00246868
2026-08-19 14:00:00,0.00149877,0.00253778
2026-08-19 15:00:00,0.00174346,0.00230431
2026-08-19 16:00:00,0.00179584,0.00239447
2026-08-19 17:00:00,0.00185694,0.00231321
2026-08-19 18:00:00,0.00180484,0.00219504
2026-08-19 19:00:00,0.0016698,0.00179362
2026-08-19 20:00:00,0.00128702,0.00096604
2026-08-19 21:00:00,0.00138314,0.00049608
2026-08-19 22:00:00,0.00125115,0.00010354
2026-08-19 23:00:00,0.00121579,3.717e-05
2026-08-20 00:00:00,0.00121455,8.837e-05
2026-08-20 01:00:00,0.00119224,8.305e-05
2026-08-20 02:00:00,0.00118339,7.926e-05
2026-08-20 03:00:00,0.00136571,0.00017341
2026-08-20 04:00:00,0.00143322,5.592e-05
2026-08-20 05:00:00,0.00148473,0.00011401
2026-08-20 06:00:00,0.00142977,8.567e-05
2026-08-20 07:00:00,0.00126566,5.511e-05
2026-08-20 08:00:00,0.00123473,0.00174682
2026-08-20 09:00:00,0.00200142,0.00100216
2026-08-20 10:00:00,0.00124144,0.00134624
2026-08-20 11:00:00,0.00170323,0.00206469
2026-08-20 12:00:00,0.00187048,0.00188179
2026-08-20 13:00:00,0.00200086,0.00218226
2026-08-20 14:00:00,0.0018925,0.00237498
2026-08-20 15:00:00,0.00185321,0.00227527
2026-08-20 16:00:00,0.00183405,0.00213526
2026-08-20 17:00:00,0.00189781,0.00202744
2026-08-20 18:00:00,0.00181507,0.00192336
2026-08-20 19:00:00,0.00164318,0.00135072
2026-08-20 20:00:00,0.00184376,0.00078573
2026-08-20 21:00:00,0.00128245,0.0004495
2026-08-20 22:00:00,0.00122853,7.851e-05
2026-08-20 23:00:00,0.00127143,1.744e-05
2026-08-21 00:00:00,0.00123404,0.00016587
2026-08-21 01:00:00,0.00122984,9.099e-05
2026-08-21 02:00:00,0.00115641,8.645e-05
2026-08-21 03:00:00,0.00118238,6.38e-05
2026-08-21 04:00:00,0.00124021,7.056e-05
2026-08-21 05:00:00,0.00127558,0.00013297
2026-08-21 06:00:00,0.00142384,6.413e-05
2026-08-21 07:00:00,0.00125427,0.00016005
2026-08-21 08:00:00,0.00222526,0.00064257
2026-08-21 09:00:00,0.00169837,0.00086686
2026-08-21 10:00:00,0.00163017,0.00117009
2026-08-21 11:00:00,0.00182506,0.00160526
2026-08-21 12:00:00,0.00138758,0.0016753
2026-08-21 13:00:00,0.00168705,0.00152462
2026-08-21 14:00:00,0.00155916,0.00141698
2026-08-21 15:00:00,0.00151446,0.00149517
2026-08-21 16:00:00,0.00143725,0.00146344
2026-08-21 17:00:00,0.00184229,0.00134698
2026-08-21 18:00:00,0.00141113,0.0013669
2026-08-21 19:00:00,0.00147455,0.00148435
2026-08-21 20:00:00,0.00137255,0.00104053
2026-08-21 21:00:00,0.00107449,0.00061364
2026-08-21 22:00:00,0.00122416,0.00016688
2026-08-21 23:00:00,0.00125742,1.648e-05
2026-08-22 00:00:00,0.00122248,7.967e-05
2026-08-22 01:00:00,0.00138117,-9.306e-05
2026-08-22 02:00:00,0.00137338,2.802e-05
2026-08-22 03:00:00,0.00143768,0.0001077
2026-08-22 04:00:00,0.00135363,2.904e-05
2026-08-22 05:00:00,0.00135198,8.481e-05
2026-08-22 06:00:00,0.00137665,4.602e-05
2026-08-22 07:00:00,0.00123036,4.833e-05
2026-08-22 08:00:00,0.00134529,0.00092619
2026-08-22 09:00:00,0.00205856,0.00149001
2026-08-22 10:00:00,0.00091408,0.00213936
2026-08-22 11:00:00,0.00095012,0.0022032
2026-08-22 12:00:00,0.00120769,0.00180272
2026-08-22 13:00:00,0.0016298,0.00166281
2026-08-22 14:00:00,0.00182404,0.00177465
2026-08-22 15:00:00,0.001556,0.00138604
2026-08-22 16:00:00,0.0011669,0.0016574
2026-08-22 17:00:00,0.00158732,0.00173368
2026-08-22 18:00:00,0.00146579,0.00190962
2026-08-22 19:00:00,0.00149821,0.00134825
2026-08-22 20:00:00,0.00162786,0.00073616
2026-08-22 21:00:00,0.00090761,0.00079007
2026-08-22 22:00:00,0.00133127,0.00023676
2026-08-22 23:00:00,0.00129164,0.0001227
2026-08-23 00:00:00,0.00117927,0.00014147
2026-08-23 01:00:00,0.00124932,0.00010966
2026-08-23 02:00:00,0.00122124,6.176e-05
2026-08-23 03:00:00,0.00123446,0.0001049
2026-08-23 04:00:00,0.00130597,0.00016908
2026-08-23 05:00:00,0.00135859,0.0001253
2026-08-23 06:00:00,0.00137615,0.00012283
2026-08-23 07:00:00,0.00121537,0.00019487
2026-08-23 08:00:00,0.00122638,0.0009416
2026-08-23 09:00:00,0.0019514,0.00111408
2026-08-23 10:00:00,0.0016165,0.00126096
2026-08-23 11:00:00,0.00136252,0.00222599
2026-08-23 12:00:00,0.00148341,0.00211457
2026-08-23 13:00:00,0.00138993,0.00188649
2026-08-23 14:00:00,0.00156858,0.00198951
2026-08-23 15:00:00,0.00159055,0.00257371
2026-08-23 16:00:00,0.00154606,0.00229912
2026-08-23 17:00:00,0.00151873,0.00217336
2026-08-23 18:00:00,0.00149672,0.00214566
2026-08-23 19:00:00,0.00126631,0.00165132
2026-08-23 20:00:00,0.00143852,0.00071234
2026-08-23 21:00:00,0.00097716,0.00074413
2026-08-23 22:00:00,0.00131081,0.00026966
2026-08-23 23:00:00,0.00136064,0.00022168
2026-08-24 00:00:00,0.00136963,0.00017456
2026-08-24 01:00:00,0.0014749,0.00013896
2026-08-24 02:00:00,0.00135179,0.00017923
2026-08-24 03:00:00,0.00141318,0.00013874
2026-08-24 04:00:00,0.00139882,0.00012811
2026-08-24 05:00:00,0.00139232,0.00014168
2026-08-24 06:00:00,0.00138058,0.00020493
2026-08-24 07:00:00,0.00119561,0.00018192
2026-08-24 08:00:00,0.00125692,0.00110785
2026-08-24 09:00:00,0.00124635,0.00167176
2026-08-24 10:00:00,0.0010883,0.00186102
2026-08-24 11:00:00,0.00151748,0.00217724
2026-08-24 12:00:00,0.00141799,0.00219829
2026-08-24 13:00:00,0.00137594,0.00260689
2026-08-24 14:00:00,0.00143952,0.00280362
2026-08-24 15:00:00,0.00161056,0.00274045
2026-08-24 16:00:00,0.00178656,0.00265312
