datetime,Left_Vs_out_mm_s,Right_Vs_out_mm_s
7/20/2026 17:00,0.001572198,0.001438299
7/20/2026 18:00,0.00158024,0.00115761
7/20/2026 19:00,0.001714919,0.00118626
7/20/2026 20:00,0.001631506,0.000829629
7/20/2026 21:00,0.001511369,0.000571094
7/20/2026 22:00,0.001345202,0.000338512
7/20/2026 23:00,0.001449773,0.000480521
7/21/2026 0:00,0.001470507,0.000473741
7/21/2026 1:00,0.001434969,0.000472649
7/21/2026 2:00,0.001484552,0.000522608
7/21/2026 3:00,0.001459432,0.000411885
7/21/2026 4:00,0.00145547,0.000421747
7/21/2026 5:00,0.001460578,0.000343398
7/21/2026 6:00,0.001451337,0.00036467
7/21/2026 7:00,0.001379757,0.000529211
7/21/2026 8:00,0.001310196,0.000682651
7/21/2026 9:00,0.001560569,0.000751226
7/21/2026 10:00,0.001722968,0.00095448
7/21/2026 11:00,0.0018585,0.00081862
7/21/2026 12:00,0.001735239,0.001222846
7/21/2026 13:00,0.001884876,0.001641848
7/21/2026 14:00,0.001830282,0.001452945
7/21/2026 15:00,0.001784385,0.001842786
7/21/2026 16:00,0.001684532,0.001695377
7/21/2026 17:00,0.001610911,0.001641169
7/21/2026 18:00,0.001561935,0.001670503
7/21/2026 19:00,0.001511188,0.001562111
7/21/2026 20:00,0.001689066,0.000841478
7/21/2026 21:00,0.001363754,0.000590647
7/21/2026 22:00,0.001492758,0.000471726
7/21/2026 23:00,0.001416175,0.000292229
7/22/2026 0:00,0.00138896,0.000328633
7/22/2026 1:00,0.001379487,0.000462178
7/22/2026 2:00,0.001435061,0.000397738
7/22/2026 3:00,0.00142289,0.000397976
7/22/2026 4:00,0.001460935,0.000407729
7/22/2026 5:00,0.001443962,0.000374415
7/22/2026 6:00,0.001493383,0.000337159
7/22/2026 7:00,0.002519312,0.000470193
7/22/2026 8:00,0.001598143,0.000671035
7/22/2026 9:00,0.001676384,0.00080103
7/22/2026 10:00,0.001790196,0.000983525
7/22/2026 11:00,0.001764646,0.000938193
7/22/2026 12:00,0.001937005,0.001140692
7/22/2026 13:00,0.001903646,0.001235408
7/22/2026 14:00,0.002036478,0.001342215
7/22/2026 15:00,0.002004364,0.001378289
7/22/2026 16:00,0.001939213,0.001166676
7/22/2026 17:00,0.001930347,0.001063886
7/22/2026 18:00,0.001843954,0.001022492
7/22/2026 19:00,0.001807565,0.000788452
7/22/2026 20:00,0.001802362,0.000726668
7/22/2026 21:00,0.00141078,0.000650583
7/22/2026 22:00,0.001293496,0.000321929
7/22/2026 23:00,0.00142862,0.000281384
7/23/2026 0:00,0.001461924,0.000367178
7/23/2026 1:00,0.001520452,0.000294555
7/23/2026 2:00,0.001495995,0.000229458
7/23/2026 3:00,0.001490771,0.000230544
7/23/2026 4:00,0.001454023,0.000224805
7/23/2026 5:00,0.001490166,0.000244659
7/23/2026 6:00,0.001502065,0.00016733
7/23/2026 7:00,0.001658545,0.000465395
7/23/2026 8:00,0.001467603,0.000738771
7/23/2026 9:00,0.001587271,0.000705914
7/23/2026 10:00,0.001611328,0.000664754
7/23/2026 11:00,0.001789619,0.000876377
7/23/2026 12:00,0.001961093,0.000918202
7/23/2026 13:00,0.001854028,0.001034557
7/23/2026 14:00,0.001708622,0.000905879
7/23/2026 15:00,0.001840091,0.001055056
7/23/2026 16:00,0.002018358,0.001155097
7/23/2026 17:00,0.001983635,0.001063089
7/23/2026 18:00,0.001977556,0.001056527
7/23/2026 19:00,0.001948722,0.001009801
7/23/2026 20:00,0.001795271,0.000724678
7/23/2026 21:00,0.001636238,0.000488679
7/23/2026 22:00,0.00139373,0.000273158
7/23/2026 23:00,0.001526184,0.000370727
7/24/2026 0:00,0.001556535,0.000388443
7/24/2026 1:00,0.001545145,0.000419335
7/24/2026 2:00,0.001573437,0.000366635
7/24/2026 3:00,0.001579717,0.00022027
7/24/2026 4:00,0.001587233,0.000198564
7/24/2026 5:00,0.001558381,0.000222261
7/24/2026 6:00,0.001595506,0.000203806
7/24/2026 7:00,0.00154539,0.000423654
7/24/2026 8:00,0.00153742,0.000661828
7/24/2026 9:00,0.001966734,0.000755499
7/24/2026 10:00,0.001868326,0.000854838
7/24/2026 11:00,0.002158253,0.00121308
7/24/2026 12:00,0.001902691,0.001176668
7/24/2026 13:00,0.001993099,0.001429754
7/24/2026 14:00,0.002158807,0.001515605
7/24/2026 15:00,0.002162016,0.001488116
7/24/2026 16:00,0.002094431,0.001373879
7/24/2026 17:00,0.002052351,0.001196297
7/24/2026 18:00,0.001980989,0.001056968
7/24/2026 19:00,0.001933958,0.000990416
7/24/2026 20:00,0.001744161,0.000666135
7/24/2026 21:00,0.001778444,0.000457592
7/24/2026 22:00,0.001409157,0.000233926
7/24/2026 23:00,0.001540702,0.000353085
7/25/2026 0:00,0.001584167,0.000318554
7/25/2026 1:00,0.001625261,0.000255029
7/25/2026 2:00,0.001589369,0.000221355
7/25/2026 3:00,0.001584626,0.000222567
7/25/2026 4:00,0.001608257,0.000281313
7/25/2026 5:00,0.001626401,0.000204691
7/25/2026 6:00,0.001634727,0.000222802
7/25/2026 7:00,0.001644588,0.000428376
7/25/2026 8:00,0.001654082,0.00075344
7/25/2026 9:00,0.001901986,0.000878803
7/25/2026 10:00,0.001766531,0.000869881
7/25/2026 11:00,0.001820865,0.001213556
7/25/2026 12:00,0.002082166,0.001160998
7/25/2026 13:00,0.001773444,0.001096211
7/25/2026 14:00,0.001976609,0.001265017
7/25/2026 15:00,0.002084735,0.001283721
7/25/2026 16:00,0.001948567,0.0013494
7/25/2026 17:00,0.002010061,0.001025141
7/25/2026 18:00,0.00175715,0.00099308
7/25/2026 19:00,0.00188585,0.001012796
7/25/2026 20:00,0.001783998,0.000681615
7/25/2026 21:00,0.001601542,0.000498653
7/25/2026 22:00,0.00151567,0.00024208
7/25/2026 23:00,0.00158619,0.000373707
7/26/2026 0:00,0.001630596,0.000193185
7/26/2026 1:00,0.001607601,0.000156198
7/26/2026 2:00,0.001634593,0.000128458
7/26/2026 3:00,0.001655473,0.000209317
7/26/2026 4:00,0.001665602,0.000213882
7/26/2026 5:00,0.001624773,0.000131209
7/26/2026 6:00,0.00166827,0.000177622
7/26/2026 7:00,0.002047955,0.000467269
7/26/2026 8:00,0.002084054,0.000849646
7/26/2026 9:00,0.001608401,0.000778215
7/26/2026 10:00,0.002060894,0.001030098
7/26/2026 11:00,0.002248733,0.001056744
7/26/2026 12:00,0.002131567,0.00142406
7/26/2026 13:00,0.002119756,0.001371389
7/26/2026 14:00,0.002180844,0.001544017
7/26/2026 15:00,0.002228463,0.001512938
7/26/2026 16:00,0.002144099,0.001701164
7/26/2026 17:00,0.002051696,0.00129055
7/26/2026 18:00,0.001998868,0.001270785
7/26/2026 19:00,0.002076287,0.001103334
7/26/2026 20:00,0.001757975,0.000743559
7/26/2026 21:00,0.001589149,0.000481299
7/26/2026 22:00,0.001540064,0.00026624
7/26/2026 23:00,0.001658528,0.000355416
7/27/2026 0:00,0.001632764,0.00018274
7/27/2026 1:00,0.001600353,0.000195431
7/27/2026 2:00,0.001703108,0.000144923
7/27/2026 3:00,0.001694358,0.000121595
7/27/2026 4:00,0.001715969,0.000157145
7/27/2026 5:00,0.00165765,0.000167992
7/27/2026 6:00,0.001730335,0.000182276
7/27/2026 7:00,0.001734228,0.000487617
7/27/2026 8:00,0.001797359,0.000772892
7/27/2026 9:00,0.002035891,0.000834877
7/27/2026 10:00,0.002179728,0.001060282
