Time,Tree 1 - Left Shallow,Tree 1 - Right Shallow,Tree 1 - Left Deep,Tree 1 - Right Deep,Tree 2 - Left Shallow,Tree 2 - Right Shallow,Tree 2 - Left Deep,Tree 2 - Right Deep,Tree 3 - Left Shallow,Tree 3 - Right Shallow,Tree 3 - Left Deep,Tree 3 - Right Deep,Tree 4 - Left Shallow,Tree 4 - Right Shallow,Tree 4 - Left Deep,Tree 4 - Right Deep
2026-08-03 11:00:00,0.1807148577853221,0.23034111259435758,0.30010987394455463,0.20004307068899574,0.2626896968810873,0.26147560195795383,0.27199579802858953,0.267940517649266,0.028653021433090432,0.09048141001781441,0.11487465111283185,0.11617396457573625,0.10423975733595801,0.11983376080638511,,
2026-08-03 12:00:00,0.1794094055189711,0.22956515409241884,0.2994315737297935,0.19962375806673405,0.26236324585636817,0.260462993583353,0.270585413472858,0.2673636783040619,0.027926746906066197,0.08955747956265656,0.11282045929457249,0.11412009269105301,0.10368053618526861,0.11883721584434104,,
2026-08-03 13:00:00,0.1788671720122679,0.22924357166759438,0.2990056063857817,0.19967120533745175,0.26122226568480134,0.2592270278612467,0.26999653622747816,0.2673179240282364,0.02720979662292164,0.08846976078267657,0.11099107022570583,0.11196014595839524,0.10300350406830361,0.11756552559487903,,
2026-08-03 14:00:00,0.17830232519984743,0.22902508169115168,0.2964850792270873,0.19932338961584853,0.2606075316420891,0.25954250596930467,0.26942667313507584,0.2667966020229263,0.026539636813236043,0.08705939589781718,0.1095102117799465,0.11016714322582985,0.10204016258271886,0.11619809484685889,,
2026-08-03 15:00:00,0.17858862790100677,0.22775403395968158,0.2954837037974,0.19884958408952086,0.2600927978127245,0.25917296516353683,0.2681879247989929,0.2665224264029974,0.025951905380485977,0.08607524884735801,0.1077951138442027,0.10831288143571781,0.10139669240313527,0.11498864946945746,,
2026-08-03 16:00:00,0.17808435873445727,0.2271048801030145,0.2944071939062371,0.19839999107297013,0.2593802361230325,0.2584076826553613,0.2666594965937487,0.2658284790119576,0.025407413640874458,0.0852878243452929,0.10618580673472396,0.10653789152104011,0.10074402252009806,0.11380344197350069,,
2026-08-03 17:00:00,0.17678113333128043,0.22675166464422877,0.29323680258618967,0.19810054508574512,0.2585966472060691,0.2574998180559592,0.26517188961372,0.2652539188880827,0.024891026690851293,0.0844114387634603,0.10476038093134593,0.10488644064910638,0.1001270581513279,0.11284423874759685,,
2026-08-03 18:00:00,0.17720987413251085,0.22617024773659897,0.2923079090416219,0.19762032837433985,0.2576255652950261,0.2568446333553119,0.26383387388257795,0.2646617702796032,0.02452107025960517,0.08368798811852673,0.10374323096588063,0.10347548576338161,0.09941152153982558,0.11174114505123815,,
2026-08-03 19:00:00,0.17688323497613037,0.22569565068068617,0.29083619773924385,0.19713283643167095,0.2567370116344486,0.2565397637202921,0.2627350533542498,0.2639702510509701,0.024266781515317026,0.08306963709423987,0.10308872209124144,0.10233435124751356,0.09867075257154362,0.11094390599001855,,
2026-08-03 20:00:00,0.17495676113062725,0.22579028257991485,0.2900540746624536,0.19665379480427841,0.2562081995374522,0.25650390860716393,0.2621185407890717,0.2633250438049725,0.024087920118633525,0.08241292877806104,0.10291832128379187,0.10149815764225446,0.09820432587744626,0.11041987989760307,,
2026-08-03 21:00:00,0.17647628170113985,0.22565398459227912,0.28985394422946664,0.19620669243960803,0.2561813253519731,0.2563157103747375,0.2618920638229527,0.2631071241223227,0.023915193622116086,0.08211344239977118,0.10290696624164858,0.1010982283150469,0.09790506369384762,0.11023176922874861,,
2026-08-03 22:00:00,0.17631196943953054,0.2257505146950682,0.2889399418011957,0.1959167404515002,0.25577838171422634,0.2559932455206557,0.26114086224486743,0.2626806260563015,0.023683135046086785,0.08182462587202592,0.10244761349693275,0.10071032105421535,0.09753439175029734,0.10996164110997905,,
2026-08-03 23:00:00,0.17621066017187065,0.2256347164309218,0.28825538718885596,0.1955956927302571,0.25523267556451995,0.255921614228471,0.2604629935833519,0.2615389552116067,0.023460339117169656,0.08155147958998434,0.10211932556359167,0.10036240271832055,0.09723615289056123,0.10952778255137244,,
2026-08-04 00:00:00,0.17614596623477882,0.22536537294202194,0.28751470255787,0.195290550193212,0.2546696891489623,0.25592161422847226,0.25997547363788287,0.26099617634135813,0.023214322773264535,0.08122834204219898,0.10177462565485436,0.10006546594188102,0.09694388105513395,0.10925851894863088,,
2026-08-04 01:00:00,0.1761558136273472,0.22573071376348533,0.28686027581225304,0.19497783094060298,0.2541519337577738,0.25609175491369884,0.25954250596930467,0.26051719065692147,0.023020591497310408,0.08087061190357796,0.10141359975247898,0.09977455930568593,0.09663554352056947,0.10882021284660016,,
2026-08-04 02:00:00,0.17533484834972288,0.2258690505108729,0.2864622941676119,0.19464193722390993,0.2537060157643978,0.25610071125275774,0.25917296516353683,0.26008377193650717,0.022835694212603487,0.08056389682440744,0.10105884141902471,0.09954548919868475,0.09643208996314913,0.10849934827119848,,
2026-08-04 03:00:00,0.17448771969783675,0.22576906860708593,0.2858658397054995,0.19432193616219823,0.25334956327710173,0.25593952111182655,0.25861464743209533,0.2597679649364795,0.02269684404286452,0.08038817587616247,0.1008114423663068,0.0992330383219195,0.09621787101989886,0.10824882050052134,,
2026-08-04 04:00:00,0.17614386351986386,0.22597310311780125,0.28536454199002875,0.19381515694526766,0.2529310518043466,0.25560834517812275,0.2583447098200824,0.25943432043364023,0.022489362827433784,0.0800573383722937,0.10045213046092397,0.09894891216949911,0.09592713479672776,0.10802766489679695,,
2026-08-04 05:00:00,0.17525821687718807,0.22598825122709618,0.2849675996440027,0.19359705596483898,0.2524950996917535,0.2555009828120673,0.2580299607558847,0.25899279689113053,0.022354217218502864,0.0799071832146368,0.10030634323917155,0.09875972104354987,0.09562041979586552,0.10785904040353753,,
2026-08-04 06:00:00,0.17607055463323004,0.22600519627323148,0.2853834508975737,0.19363599356311267,0.25277976051288303,0.2558947550780537,0.2577333730747764,0.25879468414771645,0.02218783504802798,0.07948749864688263,0.10017186438822727,0.09845405989085522,0.09588328829791051,0.10777768261693958,,
2026-08-04 07:00:00,0.17586048738240867,0.22596905191750669,0.28561040665209075,0.1938619088443978,0.2529399527016176,0.2553399815490947,0.25729329994583816,0.2588667163748685,0.02190667387235192,0.07933289422303648,0.09960133568113087,0.0979161393344338,0.09588328829791051,0.10748156741263368,,
2026-08-04 08:00:00,0.17385432096217746,0.22551592979819024,0.28513768396341077,0.1936204180539567,0.2526552016701201,0.25475007772225744,0.2566025161979513,0.25884870737838905,0.021575286351483338,0.0789893150215078,0.09882091012541393,0.09719200819635994,0.09559305841175271,0.10692527916388748,,
2026-08-04 09:00:00,0.175302469613281,0.22513227325396346,0.28686027581225304,0.1932934770741731,0.2519973291546884,0.25384866692293856,0.25617236760337686,0.2579220909565088,0.0213264651072536,0.07895450082013203,0.09828198691833762,0.09586136880726666,0.0946705463423579,0.1061339091328328,,
2026-08-04 10:00:00,0.17505490589689304,0.2251640169756445,0.2924131734058216,0.19644979025884468,0.2545089500598703,0.26122226568480134,0.25838069335769237,0.25664734409473633,0.021002077644702064,0.0788550739594546,0.09695490219362335,0.09318438102111191,0.09328705688023829,0.10744095594218768,,
2026-08-04 11:00:00,0.17640660285284374,0.23212740710575436,0.2924993128900807,0.19640272732188305,0.2545803833904138,0.2617652794778825,0.2581198694830387,0.2561813253519731,0.020489749331181167,0.07809158546298904,0.09523225509093174,0.09163495480220932,0.09326003143577774,0.10682692021542675,,
2026-08-04 12:00:00,0.17625944017996478,0.23224920244708078,0.29257589197036865,0.1961439819504882,0.25361687915029024,0.2615208534989151,0.257769314013045,0.25468755218005507,0.019946240884579875,0.07732196848758124,0.09379044384277657,0.0899976135522691,0.09310876130302967,0.10588612901961646,,
2026-08-04 13:00:00,0.17593032264164524,0.23157601691635055,0.29237489326259064,0.1957679295066361,0.25351884696382954,0.26076114726006927,0.2567459792498032,0.25413408952050687,0.01946925657040907,0.07677667721159817,0.09174749472656209,0.08815945401528963,0.09303317228153143,0.10506993555412766,,
2026-08-04 14:00:00,0.17557423407706418,0.23112205395464291,0.2920113568808451,0.19563483079601465,0.25351884696382954,0.260336555671155,0.25599324552065444,0.2540537982052659,0.0189882902202409,0.07620399966534269,0.08998699522813243,0.08640267625836016,0.0929468224160439,0.10425690007798091,,
2026-08-04 15:00:00,0.17522269733873042,0.23055907657622587,0.2916384889099718,0.19524362633056835,0.2535010249659258,0.26004766999778917,0.25560834517812364,0.2538308333355069,0.01859529833658459,0.07567727711298189,0.08834346852263457,0.08473053739259942,0.09266107485754953,0.10312281916717488,,
2026-08-04 16:00:00,0.1748701370932572,0.22999303777511218,0.2910653110250634,0.1948059421632488,0.2532961170169062,0.2597499246169554,0.2546518267443319,0.2534030151754425,0.0182709448438748,0.07521546651161189,0.08679849529736362,0.08323294492356172,0.0924779967369585,0.10213629305318064,,
2026-08-04 17:00:00,0.17285823032677858,0.22948691702261773,0.2915620326160179,0.1944858062558299,0.25298445953719706,0.2594523497900987,0.25400919740055294,0.2531269077224077,0.01801351715465437,0.07482766968017111,0.08556197595610851,0.08186513082845942,0.09224134086203191,0.10130091071477322,,
2026-08-04 18:00:00,0.17420949769348534,0.22900336276292893,0.29127541078436925,0.19409575291226844,0.25296665633311916,0.25943432043364023,0.25349211420189643,0.25306458170799817,0.01783345938994868,0.07458097237327943,0.0845348893969081,0.08070461171763037,0.09196741458919729,0.1004745686611832,,
2026-08-04 19:00:00,0.17397068340045085,0.22859621602336705,0.2907789335131571,0.19368272384934138,0.2524950996917535,0.25943432043364023,0.25300226336773435,0.25277086243468616,0.017805111909411652,0.07437328920251958,0.08392879237047893,0.07983215849344659,0.09160816976211451,0.09968513477015346,,
2026-08-04 20:00:00,0.17379897839676292,0.22840799082829125,0.29007313830584064,0.19327791534715835,0.2521661605366571,0.25943432043364023,0.25261961906747926,0.2522728200135938,0.017838186162651194,0.07432020746425518,0.08395955824063296,0.07937776387343948,0.09137263024049289,0.09901015982545759,,
2026-08-04 21:00:00,0.1736739915946716,0.22805243484880325,0.290082670362457,0.19313011018525103,0.25227282001359325,0.2594703797730184,0.25268189026656,0.2521394991912655,0.017947074838017427,0.07423338731457849,0.08427780237711864,0.07930797212101173,0.09137263024049289,0.09883760134575109,,
2026-08-04 22:00:00,0.17348745216069641,0.22832263793467308,0.28953959309322436,0.1929979113856981,0.2524150677313197,0.2594523497900987,0.2522817093213381,0.2519351423712132,0.01792574445553312,0.07400692948683975,0.08424184143908567,0.0791635011405738,0.09111068171192627,0.09839298451164193,,
2026-08-04 23:00:00,0.1733903327644094,0.22818073576203252,0.28908265953686557,0.19275695950823757,0.25197956071919164,0.2597589446984107,0.2519351423712132,0.25187296326188124,0.017826370405509075,0.07383370641043725,0.08416480812766775,0.07898434109432287,0.0908811182982973,0.09808234911853336,,
2026-08-05 00:00:00,0.17333790387942988,0.22814554839514448,0.2888448162209847,0.19259381955477364,0.25186408115843806,0.2600025460982338,0.25171310936202645,0.2515799365410841,0.017776786981466508,0.07367990073988559,0.08403649758291702,0.07898434109432287,0.09055595535547252,0.09767261995400309,,
2026-08-05 01:00:00,0.17330941344405612,0.22817063877159524,0.2885024938096295,0.19228326785684108,0.2513846801460928,0.26014695635895,0.2513314415576835,0.25154442974020874,0.017572105717319146,0.07391548090315735,0.08374431555065931,0.07919338088179984,0.09041221683310634,0.09726926798905046,,
2026-08-05 02:00:00,0.1732841143135135,0.22824126776210238,0.28819837761912154,0.1920194959355476,0.2510475976415582,0.2605442913080129,0.2512072401108617,0.25134918712735965,0.01748073685078533,0.07378562491071552,0.08361632606711393,0.07925813966310431,0.0901729063458191,0.09688878475960386,,
2026-08-05 03:00:00,0.17326523459350493,0.22818376685543998,0.28800838643997084,0.19171715696759709,0.25071074128940096,0.26068885191934293,0.2508525479786625,0.2509677954356555,0.017361613918792186,0.07349266691267689,0.0834219695205461,0.07926810490176418,0.09006664792914307,0.0965145452935645,,
2026-08-05 04:00:00,0.17242261204493592,0.2284437864909231,0.2877235171326591,0.19154671186936345,0.25032983447842344,0.2609600111300908,0.2506841569986992,0.25083481994989176,0.01735461937333108,0.07349266691267689,0.08332487605440501,0.07898434109432287,0.08983309992668866,0.09630572689736484,,
2026-08-05 05:00:00,0.1732588194121321,0.22859021649967207,0.2874103236961378,0.19132989137499218,0.2502058807968826,0.2613489184730859,0.25042724819137074,0.25043610492314833,0.017270794771688837,0.07328171472804196,0.08314106453605043,0.07898434109432287,0.0897747603021804,0.09610810755454703,,
2026-08-05 06:00:00,0.17241160828090846,0.22836872240620412,0.2874387887790459,0.19105130258868155,0.2501793232873821,0.26130368181056957,0.2503121249302492,0.2502147336132784,0.017201095986056916,0.07285116601289807,0.08307983913511609,0.07892466618408957,0.089917991391226,0.09599292333878032,,
2026-08-05 07:00:00,0.17228811284241477,0.22846694400197654,0.28735339775893437,0.19101262575475428,0.25032097962602856,0.26186489316485945,0.25027670771328364,0.25032983447842344,0.016946739709284675,0.07233142225050651,0.08248915630416022,0.07847286542539518,0.08980657956632052,0.09560400249555248,,
2026-08-05 08:00:00,0.17296874040527893,0.22797705229716347,0.28740083564839913,0.19074972711994204,0.2501350639038552,0.26367935569107276,0.24987843669069748,0.2501527671874205,0.01666685189367333,0.07213640389499346,0.08174364602928191,0.07788894511445074,0.08970583790518988,0.09499755328847286,,
2026-08-05 09:00:00,0.17197560705458334,0.2280251839738173,0.28719213822179707,0.19033255434712287,0.24979882054367944,0.26518100335107714,0.24948932278788172,0.2500288573581401,0.01647322591013349,0.07103784508636808,0.08072472386860785,0.0769434983588797,0.08937220430277196,0.09452357716118485,,
2026-08-05 10:00:00,0.17267228281213423,0.22776068692408988,0.28710678384964705,0.19000068783425852,0.2496396263071393,0.2669154552321851,0.2492241916970402,0.25003770704223327,0.01614778298627385,0.07013038098341277,0.07944259798666592,0.07582340569327217,0.08922940876065943,0.09386633983011056,,
2026-08-05 11:00:00,0.17164414156796443,0.22728106626955136,0.2873723724448734,0.18959204149171388,0.24925953436516013,0.2676199746049168,0.24878261977608854,0.24982535784981577,0.015765537553668395,0.06934521324405508,0.07797293477287588,0.07445053283251883,0.08916069607145183,0.09325462681673083,,
2026-08-05 12:00:00,0.17226039289189918,0.22687984146555518,0.2876001175401114,0.1892839204620317,0.249250698463208,0.2676291303151535,0.2486237497330596,0.24979882054367944,0.015280495824830112,0.06904261407557502,0.07612585142581921,0.07305193087848792,0.08910785816742721,0.09266646224892162,,
2026-08-05 13:00:00,0.17118751343244315,0.2263968571853373,0.2875431728090805,0.18881451834495958,0.24924186271787027,0.26925215818669,0.2481827103038624,0.24979882054367944,0.014848282900671984,0.06754414318307615,0.07425749893282735,0.07128334082561251,0.08876479354087294,0.09205330839115768,,
2026-08-05 14:00:00,0.1717314162392969,0.22597486388622928,0.2874103236961378,0.1883533798578167,0.24918885153476397,0.26982183678636035,0.2477068274958744,0.2497899750881988,0.014405275710836383,0.06660452866875405,0.07233142225050651,0.06961578345627444,0.08853294074158612,0.09131379273619218,,
2026-08-05 15:00:00,0.1706025791351988,0.22518038089104767,0.28701196053681627,0.18798487501475974,0.2488973908095752,0.26981264364508495,0.24725780195891917,0.24978112978933206,0.01403598758806741,0.06573046838445071,0.07053872295993448,0.06793105695524448,0.08824880852815568,0.09033241143225088,,
2026-08-05 16:00:00,0.17029572023467165,0.22456031537568652,0.2868223608957197,0.18764739589783191,0.24872965745693124,0.26981264364508495,0.24694988288456754,0.2497280612850532,0.01376061217024201,0.06536345581821633,0.06926600802405701,0.06651321134429068,0.08812267413625813,0.08951511401738162,,
2026-08-05 17:00:00,0.17004201376242004,0.2241477028967967,0.28691715288550784,0.18708815618823682,0.24872965745693124,0.26938992844748433,0.24641368249577947,0.2495158436494203,0.013541452909433694,0.06507419727532901,0.06784344403497342,0.06520970734354449,0.0877657832516285,0.08880170716930426,,
2026-08-05 18:00:00,0.17061581271560985,0.22358697315642329,0.28647176671044366,0.18659090544143245,0.24798877699427296,0.2669337426905308,0.2460623920462089,0.2484737523965633,0.013352665662818853,0.0660302754010859,0.06692463264232877,0.06455155122926783,0.08755618572602121,0.08803863465853048,,
2026-08-05 19:00:00,0.1704710681554341,0.22313040615055532,0.28595100942830315,0.18623940475158798,0.24760113778039433,0.2670068987885152,0.24570257939497706,0.24802403195786893,0.013383355746867335,0.06562161679556965,0.06654973075654505,0.06370897962569361,0.0870959532266173,0.0874253145223847,,
2026-08-05 20:00:00,0.17032156937457532,0.22311702371523384,0.28556311676401036,0.18582719636808837,0.24767159508487166,0.2692154254018538,0.24524661033780093,0.2484913967928047,0.013371075484637052,0.0661940940466163,0.06643107931467805,0.06349028258339108,0.08694976995629101,0.0869810846061856,,
2026-08-05 21:00:00,0.17020885530500773,0.22301328024225672,0.2857428391685404,0.18589586605075537,0.24767159508487166,0.2700517162181862,0.24525537497982738,0.24824443225335996,0.013508525122749974,0.06624419022889662,0.06695210583404841,0.06341449596046642,0.08693411474565002,0.08665256198493347,,
2026-08-05 22:00:00,0.17004758688723454,0.22264280712949489,0.2853834508975748,0.1858195671864233,0.24767159508487166,0.27036450933053535,0.24501002420363308,0.24831498102112634,0.013479746198598113,0.06606666200363161,0.06702997716219754,0.06327196157423737,0.08665256198493347,0.08638707038151346,,
2026-08-05 23:00:00,0.1683226922654033,0.22285603461174308,0.2848825765130479,0.18552977433504342,0.24759233132210184,0.27036450933053535,0.24462472106241123,0.24815626038902105,0.013438686698985547,0.06589391491221336,0.06704830640548406,0.06320075452136788,0.08633506097201583,0.08603890639464247,,
2026-08-06 00:00:00,0.16990804579380328,0.22285639871759405,0.2844954094470826,0.18514119726222947,0.2471522080919544,0.2704197269088935,0.2444671844413872,0.2481209960285123,0.013418180441462682,0.06559441799371894,0.06696126481754382,0.06311624822064729,0.08606486450636328,0.08563964590840473,,
2026-08-06 01:00:00,0.16989675495335188,0.22290372285201687,0.28428776979969095,0.18506505344696725,0.2468619412446065,0.2704565417601036,0.24375889759551314,0.24763636517971033,0.01345510298130004,0.06474504490426804,0.06701623187419298,0.06284088407911806,0.08564482515814603,0.08523614696006557,,
2026-08-06 02:00:00,0.16987552744490547,0.22300927383104965,0.2837218651257097,0.1846693580713422,0.24645761142118916,0.27036450933053374,0.24349682989842328,0.2474338418540646,0.013438686698985547,0.06409372440232529,0.06682394584351059,0.06263254146430247,0.08538605452471709,0.08487999985678919,,
2026-08-06 03:00:00,0.1698757066875692,0.22315163071263572,0.2833449085734995,0.18420571673199293,0.24607995061730809,0.2699045821055211,0.24305163830211135,0.24701145135114647,0.013407933185772195,0.06385200515726024,0.06669133815293472,0.06257054883671696,0.08519481632818039,0.08461209185276565,,
2026-08-06 04:00:00,0.16987554381757553,0.2232587864442883,0.28277053228457627,0.18407660904708353,0.24568503429278635,0.2699781441501656,0.2428422773281355,0.24659821029385529,0.013354710572115569,0.06357950126387558,0.06662736778832129,0.0623980169502757,0.08502443342185038,0.08437544932145599,,
2026-08-06 05:00:00,0.1690626819784269,0.22337856325347535,0.28260115555274273,0.18386405976305648,0.24544823672806684,0.27038291456352515,0.24274635036349343,0.2463697574857512,0.013315884076681737,0.06339221439109081,0.06649039180162543,0.062362655237744376,0.08476660247975532,0.08411860505526171,,
2026-08-06 06:00:00,0.1698876550404518,0.22349755869399066,0.2828646523950575,0.1836668025146332,0.2454482367280683,0.27031849898882016,0.24267659720105547,0.24607995061730809,0.013281192505025192,0.06324970506329711,0.0662760794843802,0.062340559257406794,0.08509153360072845,0.0840878100546755,,
2026-08-06 07:00:00,0.1697462914155933,0.22346024503666104,0.28315652426652865,0.18315897369380443,0.24503630591372652,0.26753758026046837,0.242615571406222,0.2452904351140867,0.013045681675311333,0.06290744922907335,0.06572593110050569,0.0619214795533033,0.08510185905440004,0.08380066193323313,,
2026-08-06 08:00:00,0.1695823306460429,0.2231775540034854,0.2831847779188869,0.18277288868240765,0.24451969101024743,0.2662027329962279,0.24234540656118375,0.24485236354335346,0.012756255240906081,0.06276105241389225,0.06479909482217486,0.061411677834856564,0.08496251828747724,0.08329933453917587,,
2026-08-06 09:00:00,0.16947298853513307,0.2228399437779217,0.2822813601738009,0.1822360760847155,0.24440593390370852,0.2665955261195043,0.24187515626305117,0.24571135218099394,0.012452298030509698,0.06223013808642833,0.06340112654899557,0.060720682828695166,0.08454003513099223,0.08270787051149232,,
2026-08-06 10:00:00,0.16936261875352504,0.22232718194227277,0.27996357589963256,0.18136826589107535,0.24404733486383431,0.2676840678654944,0.24118802027163216,0.24890622044692035,0.012218421527626387,0.06093892927334126,0.061394136052907486,0.059704493478358364,0.08382115622535284,0.08217431071799908,,
2026-08-06 11:00:00,0.16916175302040057,0.22145491335108605,0.2800759599761776,0.18087115376440435,0.24377637378700606,0.2673728296290734,0.24086653318204462,0.24817389350896654,0.011872729257856056,0.05979533968857168,0.05937198161680817,0.05849124972763303,0.08384677761434561,0.08166776383974926,,
2026-08-06 12:00:00,0.16886290576141508,0.22111526042835097,0.3257060711278802,0.18016432333046753,0.273076801132173,0.26419762463923707,0.26487122414206604,0.245816637829201,0.011248719835216745,0.07845303580827893,0.05898880664153561,0.0581706752036227,0.08370334826608918,0.0821235855533241,,
2026-08-06 13:00:00,0.19893035475744061,0.22065772238548736,0.3236085567826919,0.17975139406276078,0.2714791534778483,0.26344312129903324,0.2721804329671366,0.2458341876298493,0.010876495568566527,0.08770811895195868,0.05610212623300878,0.05922545373034663,0.08349866219385454,0.08333509375680322,,
2026-08-06 14:00:00,0.19434804074233786,0.2199017877604243,0.32177879000489307,0.17917408900653123,0.27090772705229543,0.2627894862903441,0.272549890782499,0.24566748981705647,0.010519608552333158,0.08723703195266251,0.05439662342282849,0.060542012909782006,0.08330955067542169,0.08446286556433048,,
2026-08-06 15:00:00,0.1910973254021248,0.21921768141131698,0.32024459312851383,0.17857527508910942,0.27090772705229543,0.2617381153976279,0.2720881076671003,0.24557977683531923,0.010233015992067598,0.08625187849278455,0.05285976411899841,0.06151698114926139,0.08314616767079379,0.08547399260951308,,
2026-08-06 16:00:00,0.1889123527927524,0.2184238185581604,0.3192338315449534,0.17810441460240925,0.2708616705090915,0.2604088021479314,0.27149759661172373,0.24586051350543434,0.009976877183481054,0.08524131399382007,0.05140509938123784,0.06218599702570081,0.08291158556934904,0.086251878492785,,
2026-08-06 17:00:00,0.1864069605150748,0.21783927392335417,0.3178553737070678,0.17785055767761204,0.2707235243717625,0.2590648566825606,0.27026329174706454,0.24609750981486886,0.009736204175086027,0.0843343279275079,0.05009344828794867,0.062535138260236,0.0828249760514851,0.08677764016377178,,
2026-08-06 18:00:00,0.18598335366075522,0.21708429016831285,0.31545521944211885,0.17725396143173922,0.270244890586069,0.25823677424231467,0.26895836607163837,0.24574644489122072,0.009486402644856297,0.08365215325574753,0.048740124624756735,0.0628231393238422,0.08239768750145375,0.08691846094454565,,
2026-08-06 19:00:00,0.1850055642296677,0.21658111126059867,0.3132325271855175,0.17627919957980018,0.26909606115712736,0.2581648297196859,0.2683345903189097,0.24516773560724547,0.009366144393454645,0.0832176280018006,0.04780305144300209,0.06296960849525608,0.08171834805072463,0.08672551329285726,,
2026-08-06 20:00:00,0.18443234771201555,0.216402857668097,0.3119758307762757,0.17554433055752636,0.26818792479899106,0.2582367742423136,0.2676382861820048,0.24458970853918027,0.009403857151057658,0.0829625534876184,0.04730135305880587,0.06324970506329711,0.08128888146845911,0.08669424468783861,,
2026-08-06 21:00:00,0.18408263752116721,0.21662891325294834,0.31124474722223366,0.17505527064589876,0.26812377124155223,0.2582008007280789,0.2675741984029593,0.2437938506049602,0.009517450234472938,0.08276895871749265,0.04739762795982582,0.06370451266198364,0.08125356406237408,0.08703850944118048,,
2026-08-06 22:00:00,0.18370520142141233,0.2165899744226724,0.31053424585277906,0.1749072053617692,0.26800464928057427,0.25848865900558543,0.26718983288575016,0.2438725040382058,0.009539905051607565,0.08231134689192438,0.04757888976669939,0.06433141144753693,0.0810065570958647,0.08727885498280669,,
2026-08-06 23:00:00,0.1833788783324022,0.21661910551931546,0.3097162030904065,0.17418259101874922,0.26771153875497133,0.2584706631647844,0.26671433453680904,0.2435579664202188,0.009482956044981285,0.08186513082845916,0.04755959015115739,0.06491628034556049,0.08073478088378735,0.08736776220259887,,
2026-08-07 00:00:00,0.18309208853516443,0.21659384969640205,0.3087812132669836,0.17387988231358395,0.2672904733421232,0.2584526679504445,0.2666138026147847,0.24340077372622249,0.009465732442518698,0.0814958946706211,0.04744772959231657,0.06537703055224356,0.08044338178668778,0.08747241687939779,,
2026-08-07 01:00:00,0.1828598805965317,0.2165542547645175,0.3079949497222392,0.17357743687860552,0.2667326151040854,0.2583267189909688,0.26643106585273135,0.24288588675849088,0.009438207254544941,0.0811375751889184,0.04734370195588285,0.06573500582501111,0.08016253085010439,0.08741484905470492,,
2026-08-07 02:00:00,0.18178547564027436,0.2167547048539014,0.30754330205492236,0.17309112650381947,0.2662483917367666,0.2583087287883166,0.26633972096398817,0.24249354283899294,0.009422741955522082,0.08073478088378735,0.04723209574016245,0.06598026018887433,0.07991218611563825,0.08737299344859376,,
2026-08-07 03:00:00,0.18247493324807795,0.21676980590816047,0.30706256362688944,0.17264961816864574,0.2657463609367624,0.2551253921325361,0.2662118644311055,0.2422060255284873,0.009429613855602266,0.08031292562905169,0.04723209574016245,0.06615767236225978,0.07984716061861062,0.08743578061652549,,
2026-08-07 04:00:00,0.18230231418323176,0.2167756078732754,0.30632746776312886,0.1723702878405801,0.2653633109874207,0.2544553816398033,0.266330587336499,0.2418142313284219,0.009384991297035268,0.07988717317678477,0.04723209574016245,0.06639915278477296,0.07964225357795897,0.08748812048414306,,
2026-08-07 05:00:00,0.1821359434032431,0.2168531818571405,0.3055834692793311,0.1721792973936636,0.2649896477557677,0.2543661134689097,0.26589235739645123,0.2415880059020095,0.009372995620325475,0.07946255226949905,0.04720902124357745,0.06642195666591524,0.07950246835269614,0.0874305474911477,,
2026-08-07 06:00:00,0.1811300364415506,0.21711591811220562,0.305505206272172,0.17198841281863647,0.26494409707973154,0.2542322405779215,0.2658193541549188,0.24128363886090015,0.009378135684938177,0.07889483718619426,0.04710525578102639,0.06657712689357566,0.07956236127131852,0.08754571242758027,,
2026-08-07 07:00:00,0.18087576288958407,0.21710083342704356,0.3053487103279738,0.17165095330993707,0.2648803327111206,0.2542768609595375,0.2657463609367617,0.24129233239961606,0.0092602708117029,0.07807674919334538,0.0467869880113035,0.0663170912320113,0.0796772190696389,0.08738345641043042,,
2026-08-07 08:00:00,0.18132568272187247,0.21680801610917283,0.3048990078217219,0.17124058033155085,0.2646617702796032,0.2540359574135345,0.2653541941177592,0.2412401735165497,0.00908234190205321,0.07777538409017147,0.04597896046350753,0.06585757592069426,0.07968721061965589,0.08702284624316238,,
2026-08-07 09:00:00,0.18009470834408506,0.21653251219556485,0.3042836486493489,0.17091117223915375,0.26422491604766835,0.25388433597718174,0.26491676855349344,0.24131841395545425,0.008882776505466906,0.0769434983588797,0.04498633150848325,0.06514193469022446,0.07928305393436752,0.08663693355549486,,
2026-08-07 10:00:00,0.18054513506828118,0.21630951665201034,0.30339589391434363,0.17057477176258642,0.2639520653925199,0.2534030151754427,0.26439779436698263,0.24129233239961606,0.008613021710403231,0.07484703571622958,0.043982263471586874,0.06399071407573015,0.07929302073917942,0.0862154987656466,,
2026-08-07 11:00:00,0.1801110929938169,0.21593759277103364,0.3094995533692727,0.17001970573903938,0.2637793328819778,0.2528954497814176,0.26385205546903123,0.24119671208757956,0.00836036619663871,0.07382889755569655,0.043121728180315184,0.06196112123096933,0.07917346042785539,0.08571216965677093,,
2026-08-07 12:00:00,0.179620794775492,0.21553070059603702,0.31166946166013026,0.1694509733458959,0.2637793328819778,0.25212172574408,0.2630980460932363,0.24121409618932171,0.008071681742510406,0.07266021822796785,0.04157758954190349,0.06044189871187909,0.07896942025245891,0.08525164853117408,,
2026-08-07 13:00:00,0.1790578468522617,0.2150053682529512,0.3118473350810087,0.16897775755419042,0.26394297279821816,0.25105646533640036,0.26194640936775415,0.24133580244242356,0.0077943189401593295,0.07173293622271462,0.0402353638056458,0.05897161442476276,0.07876564334725113,0.08480267524105833,,
2026-08-07 14:00:00,0.17842804976760265,0.21432267460291743,0.3115410290807994,0.16855606210962779,0.26394297279821816,0.25025014644501997,0.2610052180357129,0.2412488662721898,0.007570994152958963,0.07098596756254874,0.038911670990771544,0.05769784164702798,0.07864151834431712,0.08413400466986043,,
2026-08-07 15:00:00,0.17780730335403636,0.21360218022250596,0.3113731187216294,0.16798978512994037,0.26371570884060613,0.2498607431172756,0.2599393792166941,0.24117063710958112,0.007337269942718198,0.07031797720258491,0.03754150856004148,0.056484234783910466,0.07835392531035115,0.08347309405403813,,
2026-08-07 16:00:00,0.17724913271182505,0.2127976900349054,0.31099795334639585,0.16727965957437155,0.2635612252610657,0.2496484691001623,0.259299120228644,0.24121409618932207,0.007132592891520105,0.0694897628140121,0.03626327675898839,0.055395936903483725,0.0780915854629894,0.08277405041932527,,
2026-08-07 17:00:00,0.17673341386399574,0.21232720906527827,0.31066247076032677,0.16684563118221762,0.263379537821004,0.24929487953912524,0.2586776531565709,0.24130971994689338,0.006978029704461437,0.06868500666064167,0.03516298699194066,0.054380114048426534,0.07802730514118934,0.08227580803191499,,
2026-08-07 18:00:00,0.1761951866153638,0.2116007938949348,0.30997234139782215,0.1661667869488221,0.2630072744162064,0.24886207382635073,0.2575537059710806,0.24091865165838391,0.006817853662756614,0.06814340658618748,0.03414829212670153,0.05341867675336148,0.07770136718793685,0.08169305398754681,,
2026-08-07 19:00:00,0.17582587660412247,0.21111949478952727,0.30884022343956735,0.16543893275367993,0.2623451156397062,0.24859727632593498,0.2571766089663403,0.2404671455085835,0.006715969509240801,0.06802334216178532,0.033562167174594364,0.052595614770680636,0.07718423554819245,0.08104685907897051,,
2026-08-07 20:00:00,0.1747932399757143,0.211006999055998,0.3081324734863368,0.16473422514511085,0.26162947317197494,0.24865904980184075,0.25679978823085214,0.23983401489370362,0.006729025909528646,0.06800488010879041,0.03336145461848886,0.051952253830213915,0.07674235415555962,0.08068952924885671,,
2026-08-07 21:00:00,0.17547989929483532,0.21104033560524615,0.3079851277708456,0.1644254914836634,0.26166568474134844,0.24852668746467105,0.25616341001139564,0.2392882854396485,0.006798874294020966,0.06786649458509088,0.033510312751519916,0.05152152903257568,0.07669823578837787,0.08065936853992181,,
2026-08-07 22:00:00,0.17445115029633879,0.21093724434950578,0.3074647884634078,0.16418158150486908,0.26159326410844375,0.24843846548346182,0.2561813253519729,0.2392796280790489,0.006803251799116256,0.06769601323043249,0.03361730642968044,0.051477350556471325,0.0764729400299271,0.08056892024200302,,
2026-08-07 23:00:00,0.17513934110724808,0.21083264299972615,0.30706256362688944,0.1640310216691394,0.26149370210449246,0.24858845217012412,0.2558678973371736,0.23917575196784482,0.006750814767414828,0.06746137686181365,0.033610817109265625,0.05154161642268628,0.07616003634723113,0.08032797285940031,,
2026-08-08 00:00:00,0.17503069952626749,0.21089622547252848,0.30624910953391543,0.16368714425656508,0.26103234405847026,0.24876496504324144,0.25580523475665073,0.23875182524187075,0.006698580709041883,0.06721338235801949,0.03350059451072761,0.05171855428687051,0.07584777416048563,0.08010241240556226,,
2026-08-08 01:00:00,0.17330921718822803,0.2109304131656646,0.3056030365972739,0.16335078060023675,0.26044492914508477,0.2487737923313567,0.2553131529386463,0.23834555497150905,0.00665232083229418,0.06694294747701447,0.03335499004327907,0.05173868004771082,0.07553615346969096,0.0797721640881597,,
2026-08-08 02:00:00,0.17497765434959217,0.2109179749422066,0.3050162895694985,0.16295045856036108,0.2597228653122841,0.24845610862678297,0.2549734458762136,0.23789646758720553,0.006629251034165773,0.06662736778832164,0.03321615320149571,0.051952253830213915,0.07526401159239282,0.0794924883922061,,
2026-08-08 03:00:00,0.1749483736953768,0.21114975857569346,0.3046742808427752,0.16250781777183684,0.25918197522161757,0.24835025916377476,0.25473221249855066,0.2374823012628403,0.006629251034165773,0.06620775476240082,0.03314523237860692,0.05196032183207013,0.07503113803772964,0.0793727777302673,,
2026-08-08 04:00:00,0.17491123839571526,0.21108832478065334,0.3042348372443833,0.1622724641368233,0.2585876473279775,0.24819152725537502,0.2546161038144501,0.2370512617155916,0.006626370128473808,0.06580762617364637,0.03300683327636984,0.05196032183207013,0.0748567196739499,0.07919338088180028,,
2026-08-08 05:00:00,0.17407693327976437,0.21142517970892083,0.30388351071066677,0.1619233142884498,0.25821878717196656,0.24839436036592874,0.25458038339041344,0.23669810145254364,0.006603345435529349,0.06544492536543728,0.03284626821811422,0.05196839046038711,0.07457613924317955,0.0789893150215078,,
2026-08-08 06:00:00,0.17490897683934103,0.21156236773898532,0.3039030235265108,0.16168126803080068,0.25822778062883117,0.24814744406397182,0.2545446654722207,0.23669810145254364,0.006629251034165773,0.06501552001972431,0.03284306091063743,0.05196032183207013,0.07471636360186368,0.07897936732375288,,
2026-08-08 07:00:00,0.17475521532947927,0.2116064128225472,0.30392253696881594,0.16148918379883273,0.2583447098200824,0.24833261977922047,0.2544285995440764,0.23669810145254364,0.006567449618105359,0.06440774387451151,0.03267009888048575,0.05185951683574415,0.0748373523849702,0.07886501382644825,,
2026-08-08 08:00:00,0.17446647732492576,0.21124166748688605,0.30392253696881594,0.16107694446816456,0.25798501226537895,0.2482091616282404,0.25412516763679727,0.23669810145254364,0.006409254320440682,0.06364645638573517,0.03224604739482565,0.051437204750065926,0.07463898215046857,0.0783935619919915,,
2026-08-08 09:00:00,0.1742628075390223,0.21094004655835166,0.30388351071066677,0.16059430033044353,0.25764353169216575,0.24745144928911464,0.2532783028497633,0.2365603542298437,0.006236210678098438,0.06271229137638275,0.031334162451342774,0.05074117481509243,0.07452298514868282,0.07784943623083158,,
2026-08-08 10:00:00,0.17402607590664215,0.21067033977876984,0.3036689110827947,0.15992830825542328,0.25724841566757173,0.2470466367775829,0.252317268118465,0.23623336526315325,0.006083463225281551,0.06136344396418375,0.030065995574538734,0.04989164003608579,0.0744988304612481,0.0774105759301757,,
2026-08-08 11:00:00,0.1729363163283592,0.21025754213287373,0.30356163969452477,0.15936259653139775,0.25697022053362445,0.24655426883922818,0.2518729632618818,0.23618175609951636,0.005893156294179461,0.059829965936018685,0.02894433550378595,0.048912190502604945,0.0744119060058321,0.07669333453065579,,
2026-08-08 12:00:00,0.17347574014843578,0.20983321968025453,0.3032107021930181,0.1587414713346932,0.25667424271219125,0.24605361299558287,0.2514734236559939,0.23576049230216983,0.005651212087008571,0.058166406828014675,0.027670043389972768,0.0478378823708833,0.07405989924521979,0.0761649205338938,,
2026-08-08 13:00:00,0.1731438639359627,0.20932355440030195,0.302830748949483,0.15808637308564805,0.25656665669959783,0.24556223611835387,0.25076391409941634,0.23566597456129887,0.005441715562557756,0.05677482995941278,0.026522341418355553,0.046698984242083276,0.07375197717951595,0.07565780395211186,,
2026-08-08 14:00:00,0.17195071517124663,0.20873207318661688,0.3026749396064236,0.15730625482465924,0.25636051321308817,0.24502754518708025,0.25024129300216064,0.23566597456129887,0.005279796957243106,0.05586344411731976,0.025554310074276745,0.04560781728041402,0.07348307159917236,0.07507962360472561,,
2026-08-08 15:00:00,0.17240686889680684,0.20801445185337666,0.3024023697310477,0.15660509787112006,0.2561902832571837,0.24451093952389924,0.2497457501600166,0.23566597456129887,0.005132993130421953,0.05510474253380216,0.02470709301262293,0.04454449002140912,0.07339674196837141,0.07448433952816907,,
2026-08-08 16:00:00,0.17202555780176634,0.20752064793922348,0.3019451177602773,0.15611521986421528,0.2561275812096261,0.24397739501605356,0.24902101998437717,0.23566597456129887,0.004973277349532371,0.05430997716303309,0.02387415988570673,0.04354170029361887,0.07321465716416545,0.07379043235591924,,
2026-08-08 17:00:00,0.17167190095589033,0.20695789051603203,0.301643715382678,0.15556327930102934,0.2559484747884249,0.24344443327344856,0.24816507687068706,0.23566597456129887,0.00484436773589422,0.05361929350793532,0.02309583496298239,0.04256493149591334,0.07298975985050242,0.07313327139042743,,
2026-08-08 18:00:00,0.17136176370516576,0.2063967297287562,0.30134246351231186,0.15493567731312613,0.2556351892934784,0.2433134663779107,0.2476011377803936,0.23544264432388698,0.0044689851823318735,0.0532674398073792,0.02189619794277489,0.04172567517035066,0.0727652084998654,0.07248381462529141,,
2026-08-08 19:00:00,0.17110283034728052,0.20596057926884523,0.30025532383277914,0.154253731221281,0.2552684417202015,0.24317380719657988,0.24698506392577899,0.2350134606670231,0.004377213799015204,0.05337778076004086,0.021422194016285395,0.040952058069886624,0.0723504625269024,0.07204136852515088,,
2026-08-08 20:00:00,0.17091538384706342,0.20570804660266792,0.29974155860591517,0.15366346544100298,0.2547054158376076,0.24322617469112376,0.24672126719663326,0.23463610292926174,0.004378384325525454,0.05373820300470316,0.021243845440485694,0.04027442221690072,0.07198912577463297,0.07166185350667044,,
2026-08-08 21:00:00,0.1707615800434724,0.2055422398972826,0.29972217985270133,0.15344154091918186,0.2549287644146613,0.24348809673605662,0.24673884926001752,0.23421622047817248,0.004430042541049224,0.05391886893764046,0.02138853510275908,0.039591875270757644,0.07193215529605977,0.07152926005241832,,
2026-08-08 22:00:00,0.17055128788862778,0.2054546658000618,0.29928632352597817,0.1532474885193768,0.25478581004905027,0.24358417013593095,0.2464663976761163,0.234122012835441,0.004392442859636503,0.054033996035835634,0.021370422035464263,0.03901996773890507,0.07157660076213854,0.07137314682884245,,
2026-08-08 23:00:00,0.17043059529268687,0.20543127120296642,0.29873469412591763,0.15304663511920147,0.25447323715336595,0.24347063088116833,0.246106289648573,0.23391653466605983,0.004320049853657562,0.05391475952648309,0.02131871270073204,0.03870945549234609,0.07122665037505663,0.07108030442849918,,
2026-08-09 00:00:00,0.17038667905805174,0.2054021930512248,0.29817390932884613,0.1526798985403115,0.25400919740055294,0.24360164006281618,0.24557977683531923,0.23356571814981336,0.004264417119667258,0.05391475952648309,0.021194865893417462,0.03849734900653814,0.07087755761293273,0.07067980539776021,,
2026-08-09 01:00:00,0.1703376066071147,0.20523975057586047,0.29754606967734304,0.15236195548092996,0.2533406551755301,0.2434444332734491,0.24523784585238886,0.2330955240922052,0.004216034480195986,0.05379155001783131,0.02106110571840513,0.038372444858534464,0.0705857347776871,0.07034613824836146,,
2026-08-09 02:00:00,0.17031853655977816,0.20549322943720358,0.2969285356050416,0.15192015120563157,0.25286874990868163,0.24313017192471284,0.24498374390307698,0.23266848606388738,0.004186221770284577,0.05365208297205471,0.02097131327805355,0.038213140490172534,0.07044004912090766,0.07013506783489526,,
2026-08-09 03:00:00,0.16946512208318293,0.20559623961255158,0.2964368974153129,0.15178911405250606,0.2524328515151095,0.2429469465388275,0.24510639736504372,0.23229301647924464,0.004153094032946274,0.05344322186688435,0.02079485583106356,0.038036907817350245,0.07025229002190443,0.0698213950618272,,
2026-08-09 04:00:00,0.17028029440202178,0.2056915787587506,0.29612862653618777,0.15156165758346302,0.2519706767363654,0.2429469465388275,0.24489615308121368,0.23200308856289886,0.004151954046404379,0.05332463938270031,0.02075404466054753,0.03789208089749634,0.07001794353240039,0.06961111398908125,,
2026-08-09 05:00:00,0.17027746335024704,0.20578785959304416,0.29560878308820665,0.15119670563503204,0.25150004976296025,0.2429992896013949,0.24476479621377448,0.2315600195883577,0.004151954046404379,0.053144972654881294,0.020751495293619596,0.03780600556283128,0.06980269056846798,0.06941513779052996,,
2026-08-09 06:00:00,0.1702528351548641,0.20583962161670374,0.295397125947134,0.15118294247722996,0.25155330620550576,0.24295566999105056,0.24467724454571602,0.23155150318145862,0.004169070289131914,0.052778416919589025,0.020682721587121592,0.03761011980956939,0.06985413395489097,0.06924272098495361,,
2026-08-09 07:00:00,0.17011729119660463,0.20584700350578888,0.2955991606646078,0.15098344708764883,0.2518107918266969,0.2429295001042261,0.2445634507912167,0.23175594017284198,0.004350334915079545,0.05219860971592078,0.020904734518234908,0.03738394042803418,0.06987284533932009,0.06910308097332564,,
2026-08-09 08:00:00,0.16986820467979302,0.2055468187843405,0.29524324109192507,0.15051618131183817,0.25144679895856326,0.2424499686470635,0.24414351852082658,0.23175594017284343,0.004138286423888263,0.05152554619736705,0.020416353627564315,0.0370732058191836,0.06972322442750992,0.06862008689455067,,
2026-08-09 09:00:00,0.1697137984554556,0.2052349370810182,0.295175929075297,0.14996738403182652,0.2509677954356555,0.24220602552848694,0.24381132804937464,0.23156853615187226,0.004175926652982036,0.05064156009445648,0.019993756392550265,0.036638323686129445,0.06948976281401192,0.0681110711339365,,
2026-08-09 10:00:00,0.16874266242385164,0.2050311886778437,0.2952047761427324,0.14927595900725033,0.25059555287634616,0.24185774835579518,0.24322617469112195,0.2315600195883577,0.003979381189420602,0.0492808015934304,0.019049303203949028,0.036155513457963834,0.06949442820920819,0.06774206812917699,,
2026-08-09 11:00:00,0.16938495280796378,0.20458826879208078,0.29495481505291615,0.14856566612397665,0.250223586586292,0.24157060833135904,0.24276379022025477,0.23145783304216985,0.0038509851484196385,0.04768317534840454,0.018383544031427182,0.03557235736665789,0.06941047505779147,0.06721338235802003,,
2026-08-09 12:00:00,0.16921991659756994,0.2043349697816031,0.29477221813259474,0.14787748381758026,0.25001115845980193,0.24117063710958056,0.24186645223111589,0.2311428998297922,0.0038017436780530254,0.046481245027157295,0.01757914395842685,0.03541898213738384,0.0693079345612022,0.0667553392141319,,
2026-08-09 13:00:00,0.1689788578052848,0.20389310899912122,0.2946184961572185,0.14712300738386971,0.2498518965654884,0.24078836603906356,0.24119671208758048,0.23124501683882107,0.0036816373590784243,0.04451461360042526,0.017096812095796686,0.034377599991272025,0.06890317609758319,0.06633532274739883,,
2026-08-09 14:00:00,0.1679078836933667,0.2033986156813491,0.29458007192798336,0.14637046060631398,0.24981651192448853,0.2404411099976203,0.24090127820647556,0.2314322899294663,0.0035941494647391044,0.043456805179946774,0.01653688360811665,0.03370497357014196,0.06862008689455067,0.06596662296537341,,
2026-08-09 15:00:00,0.16762248562979887,0.20284590594072635,0.29446481427533755,0.1457144095729033,0.24976343966144518,0.2400334043487474,0.24042375377338732,0.23152595490045214,0.0034773983136730463,0.042608757572105714,0.01597062092739903,0.0330711689303278,0.0686061795097908,0.06546303660033419,,
2026-08-09 16:00:00,0.1681768593005297,0.202331908185014,0.29418636805586285,0.1450665728356273,0.24967499841892318,0.23983401489370235,0.23984268227767705,0.2315600195883577,0.0033872395816392695,0.041964609922054204,0.015444999364389396,0.0324784544710461,0.06854129701812248,0.06490726231576603,,
2026-08-09 17:00:00,0.16792990416517636,0.20185170325966337,0.2939656250549416,0.14444035740927066,0.24954236592049373,0.2392796280790507,0.23932291644819914,0.23154298693117414,0.0031904648333924077,0.041027301645189106,0.014887122410830813,0.0318689811962999,0.06828669869252454,0.06427307013158375,,
2026-08-09 18:00:00,0.16771368677426718,0.20135743565925812,0.2934380972967384,0.14375509802842834,0.24915351387833168,0.24054526049869548,0.23869129497760022,0.23107483435298956,0.00316553599691315,0.04033482249053629,0.014513799394426914,0.03144076410594001,0.06794489574253736,0.06378047234472856,,
2026-08-09 19:00:00,0.16756632741149535,0.20100996887497277,0.2927099294796176,0.1430045332321733,0.24860610063836097,0.2383714767798211,0.23820732913269377,0.230683652377491,0.0030992094032642023,0.04027442221690072,0.014107359588088854,0.03093757507371955,0.06756714283324615,0.06317851053964549,,
2026-08-09 20:00:00,0.16746299008992782,0.20079725104871332,0.2923079090416237,0.1425297462139103,0.24819152725537305,0.24148362987501457,0.23792236496354163,0.23013146022761033,0.003101179121592645,0.04073031334234155,0.013931357656473152,0.03054042092126831,0.06730517892506388,0.06280096190358854,,
2026-08-09 21:00:00,0.1673658720772349,0.20072567342317027,0.2920591776945297,0.1422492579355373,0.24820034436349916,0.2416489023326704,0.23797416394482732,0.23002958941771137,0.0031258534583355575,0.04114927101186372,0.013929269051529566,0.030026116687456677,0.06715374818340593,0.06274331893491203,,
2026-08-09 22:00:00,0.16721849578211387,0.20062341706396677,0.29148558634543925,0.14204907830971034,0.24806810418620576,0.2414314503187395,0.23777563180150915,0.22968170097966112,0.003060925109730179,0.04135775425148762,0.01383544392581743,0.029634876325801047,0.06682394584351059,0.06244665567129694,,
2026-08-09 23:00:00,0.16715757568853606,0.20044242002550935,0.2909602895710735,0.1417557364947454,0.24765397981906057,0.24147493289076494,0.2375340523198677,0.22924932912237753,0.003010249936634149,0.041454986510038316,0.01370876509242177,0.029397722477113922,0.06652234025766256,0.062146283461647724,,
2026-08-10 00:00:00,0.16711394192269044,0.20033866861324728,0.2904163910116165,0.14145604144233398,0.24711701514798767,0.24126625225331483,0.2370081792954593,0.2290036522889505,0.002962885875584474,0.04157758954190304,0.01359710946459926,0.02919779807145349,0.06628974865738692,0.061952310872959056,,
2026-08-10 01:00:00,0.16707679847742885,0.20044703453666915,0.28983488779038,0.14124976934340344,0.24665973490817192,0.24103159436576355,0.23674115568193457,0.22853807524809808,0.002919719509693359,0.04164618185665061,0.013504411968488337,0.028989515628206276,0.06604391920242585,0.061653131444843516,,
2026-08-10 02:00:00,0.16707330430349085,0.20050566576714904,0.28943484728202784,0.14099047951485097,0.24614141054953864,0.24091865165838228,0.2364828890362876,0.22819977133276695,0.002896827125288803,0.04163895895053409,0.013340399495958354,0.028842057682247277,0.06580762617364683,0.06135906000654332,,
2026-08-10 03:00:00,0.16708507808008466,0.20060664548332088,0.28894945522060084,0.14063849311421706,0.2456236313684974,0.24077099728561333,0.23622476334434298,0.22776035086644422,0.0028484803350419894,0.04192474008733198,0.01310638761487661,0.028842057682247277,0.06574861908638326,0.06110068371457965,,
2026-08-10 04:00:00,0.16710022184674858,0.2007889093844047,0.2888448162209845,0.14016765358263356,0.24515897253137167,0.2407536291586227,0.23590660244884878,0.2273719857723343,0.0028399908346378564,0.041552332941086415,0.013195677962487547,0.028452664941693077,0.06537703055224392,0.06091271902677414,,
2026-08-10 05:00:00,0.16710130802393028,0.20086803259185718,0.288901889689728,0.13983655020876365,0.2448173347321395,0.24058866319695751,0.23584643396574273,0.22694179446878923,0.0028258698580377367,0.04142616504919238,0.013122599670940304,0.028211381666422466,0.06531821688478008,0.06062042094263642,,
2026-08-10 06:00:00,0.16548739803672372,0.20082612992434837,0.289006539025947,0.1396645311901901,0.2448260917000184,0.24057130164780752,0.2360183642774543,0.22681534513933954,0.002853202205688164,0.04133256452537086,0.013140850215078418,0.028051097012058927,0.06544039794825071,0.060524595793551156,,
2026-08-10 07:00:00,0.1669962630435534,0.2009436089481429,0.289463412442062,0.13981007885329785,0.2450538278368644,0.24055394072511713,0.23585502899348265,0.22689121050839886,0.0028740249512524125,0.04096280292346127,0.013118545717233476,0.027838094546225944,0.06563521831079981,0.06037230291641676,,
2026-08-10 08:00:00,0.16672777088697377,0.20062292972835255,0.28944436884542357,0.1394133092225397,0.24500126394683253,0.24013746651883794,0.23567456630011802,0.22698395207603383,0.0027697383358872792,0.04066604860375627,0.012860395718607144,0.027699489244387098,0.06559441799371858,0.06000324752386821,,
2026-08-10 09:00:00,0.16658205576875862,0.20042900088344287,0.28936820072347913,0.1388785645722447,0.24465098209929576,0.23983401489370362,0.23529667794998504,0.22698395207603383,0.0027012859568408603,0.04004389737374517,0.01267444306656299,0.027312065031885522,0.06542228984565901,0.0595618746921851,,
2026-08-10 10:00:00,0.16648253538419414,0.19999517504108386,0.28831240239673456,0.13829877201210053,0.24455469852179235,0.23978201387877981,0.23514217465258555,0.22710201420614137,0.002610145294347601,0.039180943504919595,0.012483912755169576,0.026738939096248776,0.06505162596779213,0.05912643458607821,,
2026-08-10 11:00:00,0.16636482017761825,0.19987145899843742,0.2831753598781535,0.13754291664400375,0.24528166984559907,0.24084047605818018,0.23535677626947127,0.2279969092640576,0.0024229771202396552,0.038195844766400026,0.011938376971500811,0.026091788944446415,0.06460102204696591,0.05876979358103642,,
2026-08-10 12:00:00,0.1646055204758976,0.19970788651256288,0.283100021190425,0.13644897101505882,0.24490491145863258,0.2401895060611052,0.23473041393803754,0.2279969092640576,0.002356410592069866,0.03671627745653162,0.01165393754165153,0.02566476031304044,0.06470902415488136,0.05854262340462004,,
2026-08-10 13:00:00,0.16603760324637531,0.19931745994129063,0.28369358469214995,0.13582209315329846,0.2425371209463042,0.23925365693694323,0.23421622047817284,0.2274732664560733,0.0023891455540922175,0.0356090831507912,0.01085067447950418,0.024840795302649266,0.06459202594330188,0.057965969836392586,,
2026-08-10 14:00:00,0.16596396260581198,0.19818467021201902,0.28378785828555125,0.1355091954846268,0.24196220519624626,0.2390459385434193,0.23363414947977448,0.2274901487626439,0.00235212019636137,0.03438744462054889,0.010256299460343812,0.024175892267240432,0.0644841215632849,0.057311642776364836,,
2026-08-10 15:00:00,0.1658623523711007,0.197816720789855,0.28342970194992395,0.13476750970649382,0.24181423132842136,0.23821596707300596,0.23275386234650647,0.22722854340935253,0.002304335263224264,0.033274235710794006,0.009879903465339158,0.023699478533645978,0.06426409689374256,0.05684654035794478,,
2026-08-10 16:00:00,0.16564099663511786,0.1973918660430619,0.283222451647976,0.13414451089055907,0.24164890233267058,0.23689618332709309,0.2324295157918503,0.22677320319361832,0.0022562014070337372,0.03225558192596229,0.00958662655172314,0.023306089207540327,0.06422821020698542,0.056328715507903714,,
2026-08-10 17:00:00,0.16534758048397752,0.19696775535728125,0.28310002119042627,0.13348415614914572,0.24152711714549546,0.2361645542978956,0.2321309756200875,0.22698395207603383,0.0021969568597703113,0.031315369188475675,0.009328507437619147,0.02287314930684291,0.06412509181588755,0.05596387983061348,,
2026-08-10 18:00:00,0.16435836762715714,0.19648772812247675,0.2825729310308148,0.13270935433283296,0.2412054040601437,0.23567456630011893,0.23154298693117342,0.2266299498652094,0.002140955766777048,0.03061778844957018,0.00896635735117756,0.022513254338649154,0.06387884029856404,0.055445932992975996,,
2026-08-10 19:00:00,0.16422238557196348,0.19621302206883204,0.2819147590044342,0.1319496650710769,0.24069284564753715,0.235451231990713,0.23081117530428943,0.22627622392364088,0.002087294317267296,0.030596115674886768,0.008650833119935088,0.022161482344254742,0.06357503884200708,0.054971880703704,,
2026-08-10 20:00:00,0.1641605873812705,0.19600089311391525,0.2815390052571329,0.13136529234573843,0.24048450329896914,0.23542546946008266,0.23059865666986096,0.2259732501472105,0.002016806942667879,0.030710758691090807,0.008527840445058719,0.021972205205224637,0.06342340968452355,0.05466111420799313,,
2026-08-10 21:00:00,0.1648785282558153,0.19577538873269215,0.2815953523444751,0.13120497748030072,0.24073626165809414,0.2357518989971948,0.23060715553585678,0.22596483710635829,0.0019079397705715003,0.030813188758287223,0.008572016321349999,0.02172631529678852,0.06325860719782747,0.054628017778037996,,
2026-08-10 22:00:00,0.1647516049882351,0.19572855242235096,0.281210426285722,0.13089744732852948,0.24051922075912063,0.23570034245627414,0.2302928017997999,0.2257966091785022,0.0018672261243545469,0.031096531051519105,0.008490299196785636,0.021455879397784317,0.06297404961745456,0.05441313530307482,,
2026-08-10 23:00:00,0.16386034067061064,0.19552947828063613,0.28087265949795764,0.1305838824946719,0.24028492653211705,0.23574330584883704,0.2300211012015515,0.2254687449049976,0.0018051020652744517,0.031215233675240515,0.008361984172839128,0.021321296679624076,0.06265911913018074,0.05411218792402162,,
2026-08-11 00:00:00,0.16461892129757477,0.1955634588371757,0.28036638989129925,0.13022598313330377,0.2398166805956019,0.2356659745612969,0.22964777473961198,0.22517471055318367,0.0018103642271147008,0.03156326541621745,0.008213785953708719,0.02117425984067492,0.06239359618805579,0.05382849807028841,,
2026-08-11 01:00:00,0.1645937737382388,0.19546542484100743,0.27989802893655985,0.1300663652056052,0.2394268245089102,0.23533960453797007,0.22930865016051383,0.22496480347758996,0.0018909863606906213,0.03213174296507058,0.00807486147004661,0.02105083401507818,0.06229637904287379,0.053647983740886133,,
2026-08-11 02:00:00,0.16457628977798944,0.19558754034148282,0.2794394150711417,0.1297474230037496,0.23903728556804651,0.23519367011357148,0.2290036522889505,0.2244698108717064,0.0018580690202421187,0.03219204500963841,0.007990810355808108,0.020909852202532896,0.06208894182065865,0.05345549653795086,,
2026-08-11 03:00:00,0.16455544386132243,0.19562841654042987,0.2792055732741912,0.1295753570162709,0.23865670970069547,0.23519367011357148,0.2284534757769832,0.22420156833756966,0.00182770821969867,0.03225876041623823,0.00793081808048875,0.020782098033358513,0.061873045841608104,0.053242935100583415,,
2026-08-11 04:00:00,0.1637539365942037,0.19566560346291215,0.27895313407737243,0.12925065499204577,0.23822460516993255,0.23479901566536007,0.22835197708485225,0.22395023661397184,0.0018096120198632544,0.032226982561162965,0.007893044744117417,0.02075404466054753,0.0618202306781137,0.053034872733046946,,
2026-08-11 05:00:00,0.16375042276907767,0.1957029080272635,0.27910271389334745,0.12892636032401317,0.2378015226000082,0.2348418968349318,0.22797155784838502,0.22343126438514466,0.0017774152660527903,0.032182519875415046,0.007852225429609975,0.02062930986058394,0.06162237467403331,0.05288825043892984,,
2026-08-11 06:00:00,0.16455369515480553,0.19573180313157723,0.2788129394129331,0.12890094267576369,0.23782741480804118,0.23455895347199365,0.22795465768768006,0.22328907071533094,0.0017766699498711137,0.0316513619799574,0.008095544969016783,0.02063439371599343,0.06163994903194785,0.052762154997237576,,
2026-08-11 07:00:00,0.16441461414129993,0.19572950354278287,0.2789250923254098,0.12874848940897968,0.23817277893759803,0.23476471354877748,0.22794620784224978,0.2237995052375886,0.001802849202285531,0.031265281385109714,0.008207372622999481,0.020408768486099845,0.0618158304324882,0.052668697572744984,,
2026-08-11 08:00:00,0.164171303733017,0.19545663535240704,0.2790559658939369,0.1283487287876913,0.23793963066417703,0.23443896842018763,0.22761678603035967,0.22388323862652482,0.0017307662161392542,0.030463151277480477,0.008168945261459825,0.020124087947115957,0.06159601783561809,0.05232403030261989,,
2026-08-11 09:00:00,0.16402925859712927,0.1953207398906147,0.2792336291215239,0.12784832011419,0.2375426780441922,0.23389941555727217,0.22700924851976284,0.22346472829705755,0.0016898222359147087,0.029830175758653717,0.007763107405728045,0.01975425688635404,0.061560884154850684,0.0519724250094685,,
2026-08-11 10:00:00,0.16313065645731112,0.1951396876695124,0.2792336291215235,0.12712162415126543,0.23716329433191463,0.233471641437408,0.22668893104831558,0.22345636208415579,0.0016214870207160688,0.028291695252348127,0.007668299143619546,0.019498898945604498,0.06156527531679333,0.05173062927352905,,
2026-08-11 11:00:00,0.1637921489234785,0.19489936375315328,0.27926168637839266,0.12651657719857898,0.23685311500233536,0.2333006414201184,0.2263435789937923,0.22345636208415579,0.001564338611588488,0.026776572277657524,0.007662102568377792,0.019235383763645312,0.061495035519537326,0.05134091871370377,,
2026-08-11 12:00:00,0.1628276549052656,0.19464573331417104,0.2788783592044435,0.1260197565798215,0.2366808808570929,0.2329588293238049,0.2257966091785022,0.22345636208415579,0.0014972536870329557,0.02548928442063355,0.007407154536650026,0.01883740041189894,0.06121447726548058,0.051016619347214916,,
2026-08-11 13:00:00,0.16344727604801906,0.19431771272971407,0.27852331543974923,0.12531707845395107,0.23659478727675312,0.2325831254427899,0.22535950974977634,0.22345636208415579,0.0014470664016774737,0.02437165313552256,0.0071954928224118786,0.018445981571536183,0.06097388503921634,0.05084487796044652,,
2026-08-11 14:00:00,0.1624417931553332,0.19399446215673666,0.27710540190477223,0.1243166605070855,0.23648288903628994,0.23257459024206317,0.22513272130730297,0.22345636208415579,0.001428300264567023,0.023596065001160817,0.007006140742997516,0.01803489969000774,0.060751213760354215,0.05047442772140432,,
2026-08-11 15:00:00,0.1630461697675003,0.1936500586429853,0.2775248018870025,0.1233886266547964,0.23628498006493737,0.23205423915716256,0.22451173825457388,0.22345636208415579,0.001351862889732225,0.02267285527359605,0.006841249220547498,0.01778386609914729,0.06054636758037792,0.05009344828794831,,
2026-08-11 16:00:00,0.16284996883152847,0.19320853055666068,0.27866343727810733,0.12255698861047845,0.23618175609951636,0.2314322899294663,0.22402562133091264,0.22345636208415579,0.0013137937855137133,0.021951224528870165,0.006692789453995806,0.017529905870949547,0.06051588817512646,0.04973364409393778,,
2026-08-11 17:00:00,0.162655576716165,0.1928872262343889,0.2781498294808668,0.12203709723823997,0.23617315512039772,0.23110886583847026,0.22354839903990623,0.22345636208415579,0.0012718540457055194,0.02127480902169727,0.006531651685195134,0.01724522218399966,0.06044189871187873,0.04935547621695334,,
2026-08-11 18:00:00,0.16247897775102355,0.1926065061680129,0.27799117382841676,0.12108683318636765,0.2358464339657413,0.23061565455846555,0.22292960640767778,0.22343963012819945,0.001230596521805526,0.02085614776214468,0.006299244468020621,0.017018230157398832,0.060220201892930245,0.04898266848029199,,
2026-08-11 19:00:00,0.1623523449745541,0.19230588378425384,0.27758074584676495,0.1201341491317406,0.2353481903254132,0.23039473087056198,0.22245355356254043,0.22314692230731883,0.0011936816874371053,0.020769344151034277,0.006049012183283577,0.01673088233588607,0.059920907524903116,0.048587865169311156,,
2026-08-11 20:00:00,0.16229521634824498,0.1920855055844054,0.27737564555859007,0.119448099783718,0.23503062049576667,0.23030978841210772,0.22229498235701928,0.22276251237403114,0.0011760416294368681,0.020909852202532626,0.005880938568407321,0.016566480705851764,0.05973476787428351,0.04825684300043324,,
2026-08-11 21:00:00,0.16222253536411363,0.19194941863469656,0.2775993950862731,0.11900200016367123,0.2351078474775676,0.23030978841210864,0.22221154653700553,0.22245355356254007,0.0011900212138143624,0.021274809021697004,0.00586466800089589,0.016396092349311234,0.059600753810333626,0.048217973608089916,,
2026-08-11 22:00:00,0.16129800999741536,0.19181876395710615,0.277384966654503,0.11864206375508977,0.23506494203263611,0.2302418457216417,0.22191964450144158,0.2224368591942372,0.0011471337169880475,0.02147143542400542,0.005758116384862145,0.01618828575009395,0.05933748817906928,0.048124750965477185,,
2026-08-11 23:00:00,0.162046099008673,0.19169651816778843,0.27690047733887496,0.11841052894734976,0.23461038503396817,0.2302758158139542,0.22151963368733465,0.22232836107025264,0.0010904004165073128,0.021627305784355698,0.005632606887700915,0.016024338946326953,0.05905329977209877,0.047822400392339544,,
2026-08-12 00:00:00,0.16201691269865426,0.1916349998023647,0.27659323261834357,0.11811230473113717,0.23418196096092975,0.23022486161517688,0.22124483556888175,0.2219279818971431,0.001047081820620059,0.02171849053403381,0.0055137349942468855,0.01601314025316044,0.05881699723677534,0.0474862873203671,,
2026-08-12 01:00:00,0.16202239962760534,0.19162593334232514,0.2761280352910995,0.11769906556888932,0.2338052716569386,0.22995320111042353,0.2208703857216131,0.22149464499251742,0.0010141861713797806,0.021838625122056254,0.005432583438573384,0.01597062092739903,0.05865829663575681,0.04726671805656803,,
2026-08-12 02:00:00,0.16199554142825318,0.1915435437487189,0.27591417599904666,0.1173107961353553,0.23356571814981372,0.22969866503937822,0.22068743677725805,0.22131143763304564,0.0009951474611362104,0.021943359359388372,0.005396131684094582,0.015879061334847455,0.05845273427003025,0.04715904584295667,,
2026-08-12 03:00:00,0.16195865826977443,0.19153341915492017,0.27594206599085735,0.11700185320464776,0.23325790120424664,0.22976652754285148,0.22084543367475828,0.22097852754597033,0.0009951474611362104,0.02199319590495332,0.005445631679208126,0.01574110543802817,0.058444177002219606,0.04706685310204561,,
2026-08-12 04:00:00,0.16190532827396514,0.19163463720030396,0.2758676958116647,0.11706845349905919,0.23308697949456564,0.22968170097966167,0.22045470229691266,0.22126981016832764,0.0009868055862407399,0.02210356152451226,0.005413040442975544,0.015590491209831851,0.058324441031261255,0.04693256706010146,,
2026-08-12 05:00:00,0.16185644995300552,0.19161455215281895,0.27550528472595404,0.11706845349905919,0.23306134664133973,0.22980894669751648,0.2202802320151888,0.22145300030012588,0.0009619913921043311,0.022150945647971692,0.005370169891916458,0.015478005787576474,0.05818775027220834,0.046790816141521675,,
2026-08-12 06:00:00,0.16179967966969624,0.1915772343864287,0.2757189855234039,0.1169473761500448,0.23308697949456564,0.2297750110605534,0.22026361940003117,0.22145300030012588,0.0009801574579903567,0.02211935059418403,0.00542345898873479,0.01544060117042351,0.05820909763178299,0.04678316003770026,,
2026-08-12 07:00:00,0.16168289909931235,0.19144280445586925,0.2769284171343285,0.116790069252229,0.23295882932380294,0.2294442699220313,0.21989000117959448,0.22143634351947664,0.0009581599103202266,0.02184124042399261,0.005432583438573384,0.0152717470479253,0.05820909763178299,0.04655376822737057,,
2026-08-12 08:00:00,0.16155183744296925,0.19138446547390164,0.2770308751103555,0.11666913598921753,0.23309552409220752,0.2295205736570972,0.21995639901750877,0.22145300030012766,0.0009293991378728789,0.021681993611725105,0.005396131684094763,0.015217123965289039,0.05818775027220834,0.046313513632203866,,
