datetime,tree1_left_shallow,tree1_right_shallow,tree1_left_deep,tree1_right_deep,tree2_left_shallow,tree2_right_shallow,tree2_left_deep,tree2_right_deep,tree3_left_shallow,tree3_right_shallow,tree3_left_deep,tree3_right_deep,tree4_left_shallow,tree4_right_shallow,tree4_left_deep,tree4_right_deep
2026-07-22 14:00:00,0.232228,0.261604,0.331468,0.303591,0.317337,0.392846,0.362187,0.428241,0.164074,0.163115,0.615179,0.345877,0.176168,0.268408,,
2026-07-22 15:00:00,0.231593,0.261079,0.331397,0.302879,0.316938,0.391926,0.360879,0.427327,0.163244,0.162965,0.612946,0.341643,0.176123,0.266742,,
2026-07-22 16:00:00,0.231016,0.260703,0.330949,0.302052,0.316649,0.390996,0.35988,0.426275,0.162166,0.162536,0.610883,0.339289,0.175893,0.2655,,
2026-07-22 17:00:00,0.230574,0.260449,0.330043,0.301478,0.316251,0.390266,0.359201,0.424774,0.160715,0.162501,0.602502,0.337096,0.175411,0.26407,,
2026-07-22 18:00:00,0.230338,0.260424,0.329281,0.301566,0.315694,0.389724,0.358501,0.423621,0.159681,0.162109,0.568314,0.335505,0.174974,0.262835,,
2026-07-22 19:00:00,0.23019,0.260453,0.328135,0.30141,0.314929,0.389835,0.358014,0.422942,0.158741,0.162002,0.56698,0.334215,0.174146,0.261657,,
2026-07-22 20:00:00,0.230145,0.260512,0.327324,0.300993,0.314273,0.390178,0.357855,0.422459,0.15803,0.161532,0.567207,0.33308,0.173496,0.260508,,
2026-07-22 21:00:00,0.229235,0.260907,0.326869,0.300711,0.313956,0.38989,0.35759,0.42193,0.157524,0.161361,0.567927,0.332019,0.173194,0.259804,,
2026-07-22 22:00:00,0.230438,0.261218,0.326474,0.300682,0.313431,0.389316,0.356966,0.420792,0.157531,0.161752,0.568033,0.330949,0.172988,0.259317,,
2026-07-22 23:00:00,0.230436,0.261312,0.326151,0.300643,0.313005,0.388918,0.35648,0.41827,0.156977,0.161866,0.5685,0.329139,0.17262,0.258606,,
2026-07-23 00:00:00,0.230482,0.261412,0.325524,0.300372,0.31249,0.388797,0.356332,0.416213,0.156444,0.161681,0.569114,0.328753,0.172091,0.257823,,
2026-07-23 01:00:00,0.229626,0.261594,0.324747,0.299897,0.312025,0.388951,0.355931,0.416829,0.155745,0.161454,0.569876,0.328175,0.171578,0.25723,,
2026-07-23 02:00:00,0.230868,0.26181,0.323921,0.299577,0.311502,0.38904,0.35573,0.416544,0.155054,0.161247,0.569916,0.327709,0.171014,0.256513,,
2026-07-23 03:00:00,0.229982,0.262039,0.323548,0.299296,0.310988,0.389724,0.355719,0.417275,0.154351,0.1608,0.570089,0.32702,0.170567,0.255904,,
2026-07-23 04:00:00,0.231256,0.26229,0.322794,0.299054,0.310455,0.389857,0.355899,0.416864,0.153781,0.16053,0.570691,0.326606,0.170122,0.25534,,
2026-07-23 05:00:00,0.231405,0.262444,0.322693,0.299819,0.310386,0.38978,0.356501,0.416418,0.153275,0.159144,0.571467,0.325797,0.169896,0.254956,,
2026-07-23 06:00:00,0.231448,0.262591,0.322633,0.299848,0.310396,0.389106,0.355572,0.415882,0.153095,0.160254,0.570009,0.324969,0.170268,0.254241,,
2026-07-23 07:00:00,0.231106,0.262449,0.322341,0.298919,0.310258,0.388786,0.355097,0.415437,0.152638,0.159971,0.557148,0.324062,0.170246,0.254098,,
2026-07-23 08:00:00,0.230807,0.2626,0.32196,0.29858,0.309894,0.388742,0.354644,0.415642,0.152127,0.159681,0.549644,0.322221,0.169983,0.253136,,
2026-07-23 09:00:00,0.230561,0.262438,0.321739,0.29829,0.309756,0.3884,0.354496,0.415026,0.151775,0.159341,0.545937,0.320956,0.169896,0.252388,,
2026-07-23 10:00:00,0.230358,0.262599,0.321578,0.298019,0.30949,0.387716,0.354106,0.414467,0.151114,0.158713,0.533184,0.319404,0.169801,0.251571,,
2026-07-23 11:00:00,0.230123,0.262574,0.321187,0.297614,0.309175,0.38711,0.353875,0.41424,0.15029,0.157496,0.511884,0.317825,0.16956,0.250596,,
2026-07-23 12:00:00,0.229767,0.262298,0.320856,0.2969,0.309037,0.386318,0.353191,0.411908,0.149618,0.157405,0.489803,0.315853,0.169538,0.249498,,
2026-07-23 13:00:00,0.22939,0.262347,0.320185,0.29661,0.308575,0.384516,0.352129,0.411147,0.148586,0.16559,0.484048,0.316789,0.170056,0.248712,,
2026-07-23 14:00:00,0.228977,0.262129,0.319784,0.295946,0.306955,0.389161,0.351237,0.413648,0.147789,0.16595,0.477569,0.314531,0.170071,0.247795,,
2026-07-23 15:00:00,0.227885,0.261866,0.319834,0.29557,0.305447,0.392591,0.35109,0.414126,0.14696,0.163587,0.472129,0.311166,0.170202,0.246299,,
2026-07-23 16:00:00,0.226732,0.261655,0.319634,0.294811,0.305114,0.392469,0.350545,0.414171,0.145741,0.162722,0.46456,0.308103,0.170253,0.245361,,
2026-07-23 17:00:00,0.225182,0.261413,0.319344,0.294186,0.305055,0.391671,0.349718,0.413511,0.14442,0.161923,0.458272,0.305241,0.170334,0.244021,,
2026-07-23 18:00:00,0.224544,0.261042,0.319274,0.293966,0.305026,0.390697,0.348975,0.412726,0.143889,0.161845,0.449461,0.302227,0.170261,0.24252,,
2026-07-23 19:00:00,0.222973,0.260637,0.318854,0.293467,0.30445,0.39041,0.347878,0.411874,0.143413,0.161169,0.440383,0.300003,0.169961,0.241936,,
2026-07-23 20:00:00,0.224979,0.260664,0.318384,0.292854,0.30442,0.389404,0.346908,0.411544,0.143554,0.161219,0.435464,0.298019,0.169349,0.240997,,
2026-07-23 21:00:00,0.2251,0.260747,0.317905,0.292547,0.304498,0.387904,0.346022,0.411465,0.143769,0.161546,0.433073,0.296948,0.169116,0.240424,,
2026-07-23 22:00:00,0.22296,0.260744,0.317127,0.293112,0.304108,0.387419,0.345159,0.410591,0.143748,0.161681,0.431956,0.296581,0.168861,0.23999,,
2026-07-23 23:00:00,0.225112,0.260438,0.316072,0.292461,0.303884,0.387154,0.344722,0.410194,0.143279,0.161447,0.430387,0.294868,0.168396,0.239565,,
2026-07-24 00:00:00,0.223935,0.260803,0.315336,0.291954,0.303396,0.387397,0.344037,0.409888,0.14277,0.161212,0.428751,0.293898,0.16791,0.239228,,
2026-07-24 01:00:00,0.222975,0.260984,0.314254,0.292605,0.302957,0.387408,0.343788,0.40913,0.142229,0.160821,0.427709,0.293064,0.167446,0.238613,,
2026-07-24 02:00:00,0.225198,0.261337,0.313867,0.292882,0.302334,0.38743,0.343445,0.408801,0.141629,0.160573,0.426772,0.29226,0.166824,0.238095,,
2026-07-24 03:00:00,0.225292,0.261557,0.313005,0.29248,0.301828,0.38743,0.343,0.40879,0.141203,0.160403,0.426263,0.291772,0.166441,0.237853,,
2026-07-24 04:00:00,0.225413,0.261715,0.312391,0.29226,0.301478,0.387782,0.342554,0.409039,0.140871,0.160049,0.425305,0.291333,0.166051,0.237871,,
2026-07-24 05:00:00,0.225539,0.261838,0.312401,0.292308,0.301003,0.388091,0.342109,0.409016,0.140241,0.159978,0.424739,0.291104,0.165965,0.237094,,
2026-07-24 06:00:00,0.225643,0.261915,0.312767,0.292384,0.301061,0.388003,0.341891,0.408609,0.139969,0.160049,0.426113,0.290588,0.166318,0.236991,,
2026-07-24 07:00:00,0.224385,0.261555,0.312747,0.292117,0.300993,0.387606,0.341271,0.408032,0.140426,0.15949,0.421056,0.289559,0.166391,0.236431,,
2026-07-24 08:00:00,0.223888,0.261636,0.312728,0.291858,0.300372,0.388609,0.340816,0.407106,0.139896,0.157995,0.419416,0.288569,0.166297,0.235683,,
2026-07-24 09:00:00,0.224794,0.261517,0.3125,0.291046,0.299838,0.388974,0.340341,0.406756,0.138549,0.156535,0.417927,0.286974,0.166369,0.234696,,
2026-07-24 10:00:00,0.224272,0.261463,0.312698,0.290407,0.299664,0.388753,0.339784,0.405876,0.138009,0.155103,0.412135,0.284533,0.166636,0.233591,,
2026-07-24 11:00:00,0.223684,0.261191,0.312896,0.289768,0.299373,0.387959,0.339062,0.405402,0.137655,0.155131,0.405887,0.281934,0.167294,0.232515,,
2026-07-24 12:00:00,0.223111,0.261037,0.312797,0.289425,0.299528,0.386835,0.338125,0.404794,0.136914,0.154351,0.399922,0.279739,0.167511,0.231151,,
2026-07-24 13:00:00,0.221251,0.260617,0.312737,0.288769,0.299528,0.384505,0.336685,0.404175,0.136233,0.153906,0.393868,0.27745,0.167627,0.230123,,
2026-07-24 14:00:00,0.221306,0.259958,0.312549,0.288227,0.299422,0.382554,0.335044,0.403174,0.135718,0.15367,0.388201,0.274716,0.167678,0.228851,,
2026-07-24 15:00:00,0.220274,0.259526,0.31249,0.287676,0.299248,0.382368,0.334266,0.401962,0.135197,0.153442,0.382401,0.272596,0.167707,0.227625,,
2026-07-24 16:00:00,0.21936,0.25895,0.312174,0.287458,0.298754,0.380914,0.332896,0.400863,0.133672,0.153206,0.379157,0.271037,0.167707,0.226563,,
2026-07-24 17:00:00,0.218531,0.258625,0.31165,0.287116,0.29859,0.378863,0.331448,0.399989,0.132987,0.152929,0.374962,0.268922,0.167446,0.225309,,
2026-07-24 18:00:00,0.217892,0.25824,0.31159,0.286794,0.298126,0.378645,0.330756,0.398781,0.132593,0.152839,0.370931,0.266586,0.167222,0.224185,,
2026-07-24 19:00:00,0.217418,0.257979,0.31081,0.285478,0.297392,0.378776,0.329871,0.398234,0.132729,0.152804,0.366718,0.264462,0.166448,0.223256,,
2026-07-24 20:00:00,0.217421,0.257977,0.309982,0.28476,0.29661,0.379921,0.329545,0.398122,0.131571,0.151851,0.367297,0.26337,0.165698,0.222721,,
2026-07-24 21:00:00,0.217721,0.258361,0.309933,0.284694,0.296321,0.379757,0.329058,0.397787,0.131308,0.152521,0.367307,0.262563,0.16559,0.221953,,
2026-07-24 22:00:00,0.217797,0.258358,0.309381,0.284401,0.296061,0.379103,0.328479,0.397553,0.131295,0.152839,0.366439,0.261811,0.165345,0.221436,,
2026-07-24 23:00:00,0.217737,0.25856,0.308663,0.284071,0.295705,0.378885,0.327891,0.397408,0.131013,0.152666,0.366043,0.261602,0.16482,0.220895,,
2026-07-25 00:00:00,0.216843,0.258341,0.308152,0.282846,0.294964,0.378972,0.327436,0.396226,0.130341,0.151955,0.365358,0.261385,0.164296,0.22048,,
2026-07-25 01:00:00,0.217989,0.258944,0.307445,0.282865,0.294273,0.379539,0.326778,0.39419,0.129843,0.15152,0.364791,0.260969,0.163544,0.219749,,
2026-07-25 02:00:00,0.218196,0.25925,0.306808,0.282836,0.293467,0.379539,0.326221,0.393468,0.129537,0.1511,0.364193,0.260337,0.162872,0.219061,,
2026-07-25 03:00:00,0.217389,0.259405,0.305251,0.282827,0.292796,0.379659,0.325827,0.392747,0.128971,0.151217,0.363883,0.259624,0.162322,0.218572,,
2026-07-25 04:00:00,0.218526,0.259761,0.305114,0.282187,0.292164,0.380182,0.325201,0.392292,0.128564,0.150605,0.363627,0.258804,0.161852,0.218242,,
2026-07-25 05:00:00,0.218684,0.26,0.305662,0.282263,0.291705,0.380193,0.324576,0.391793,0.128311,0.150187,0.362763,0.258174,0.161525,0.217919,,
2026-07-25 06:00:00,0.21891,0.260139,0.30621,0.281201,0.291715,0.37979,0.324152,0.391417,0.128184,0.149324,0.362219,0.257706,0.161909,0.217614,,
2026-07-25 07:00:00,0.21749,0.260229,0.30622,0.281577,0.291581,0.377753,0.322995,0.391063,0.128602,0.149488,0.359806,0.257132,0.162109,0.21702,,
2026-07-25 08:00:00,0.218063,0.259938,0.305447,0.281004,0.291142,0.378406,0.322753,0.390753,0.127931,0.149023,0.356564,0.256522,0.161973,0.215998,,
2026-07-25 09:00:00,0.217664,0.259911,0.305319,0.280451,0.290598,0.378242,0.32209,0.390509,0.127298,0.148825,0.35457,0.255528,0.161681,0.21516,,
2026-07-25 10:00:00,0.217507,0.259627,0.305094,0.279907,0.290121,0.378221,0.321618,0.389758,0.126876,0.14785,0.352549,0.254214,0.161731,0.214144,,
2026-07-25 11:00:00,0.217106,0.259704,0.305182,0.278617,0.289587,0.378047,0.320846,0.38936,0.126384,0.147089,0.350063,0.252682,0.161895,0.212835,,
2026-07-25 12:00:00,0.216592,0.259546,0.304625,0.277721,0.289644,0.377166,0.320275,0.388951,0.125951,0.148007,0.3472,0.250675,0.161688,0.211433,,
2026-07-25 13:00:00,0.214917,0.259468,0.304479,0.277665,0.289435,0.376275,0.319504,0.388576,0.125367,0.147612,0.34544,0.249401,0.161681,0.20993,,
2026-07-25 14:00:00,0.215101,0.259218,0.304489,0.276966,0.289111,0.375852,0.318734,0.388036,0.124941,0.14713,0.342419,0.24776,0.161631,0.20857,,
2026-07-25 15:00:00,0.214416,0.258996,0.304372,0.276137,0.288797,0.375223,0.317955,0.387287,0.124485,0.146858,0.340651,0.246027,0.161447,0.207343,,
2026-07-25 16:00:00,0.213723,0.258973,0.303874,0.27545,0.288455,0.37493,0.317217,0.386659,0.124123,0.146655,0.338578,0.244835,0.161283,0.206313,,
2026-07-25 17:00:00,0.213245,0.258616,0.303698,0.274642,0.28817,0.374312,0.31656,0.385977,0.123631,0.146384,0.336757,0.243479,0.160978,0.20539,,
2026-07-25 18:00:00,0.21189,0.258587,0.303337,0.273928,0.287961,0.373717,0.315982,0.385383,0.122929,0.146167,0.335341,0.242363,0.160828,0.204604,,
2026-07-25 19:00:00,0.212426,0.258457,0.302948,0.273049,0.28761,0.373576,0.315296,0.38479,0.122353,0.1461,0.332662,0.241623,0.160148,0.203869,,
2026-07-25 20:00:00,0.210983,0.258587,0.302967,0.272827,0.287657,0.373068,0.314839,0.384384,0.122439,0.146086,0.33153,0.240884,0.160247,0.203381,,
2026-07-25 21:00:00,0.211735,0.258525,0.30287,0.272578,0.287714,0.372226,0.314343,0.384121,0.122737,0.146675,0.331285,0.240693,0.160332,0.203318,,
2026-07-25 22:00:00,0.210547,0.258409,0.302714,0.272384,0.287259,0.371729,0.313787,0.383562,0.122607,0.146675,0.330766,0.240328,0.159865,0.202919,,
2026-07-25 23:00:00,0.210465,0.258378,0.302179,0.272337,0.286917,0.371729,0.313094,0.383474,0.122291,0.146343,0.330196,0.239938,0.159405,0.202512,,
2026-07-26 00:00:00,0.211421,0.25832,0.301702,0.271885,0.286595,0.371103,0.312579,0.382872,0.122173,0.146269,0.329881,0.239453,0.15913,0.202258,,
2026-07-26 01:00:00,0.211364,0.258531,0.301585,0.271719,0.286093,0.371082,0.312065,0.382423,0.121975,0.146269,0.329413,0.238977,0.15908,0.201931,,
2026-07-26 02:00:00,0.211322,0.258582,0.301226,0.271387,0.2858,0.370823,0.311581,0.381963,0.121778,0.146188,0.328916,0.2387,0.158713,0.201709,,
2026-07-26 03:00:00,0.211276,0.25864,0.300993,0.270677,0.285402,0.370435,0.311028,0.381515,0.121543,0.145978,0.328652,0.238294,0.15853,0.201383,,
2026-07-26 04:00:00,0.211242,0.258702,0.301003,0.270245,0.2851,0.370435,0.310623,0.3811,0.121432,0.146255,0.328267,0.237853,0.158291,0.201208,,
2026-07-26 05:00:00,0.21023,0.258754,0.300964,0.270272,0.284892,0.370252,0.309864,0.380848,0.121333,0.145985,0.326848,0.2375,0.158283,0.200946,,
2026-07-26 06:00:00,0.211115,0.258733,0.300993,0.270429,0.284864,0.369316,0.30945,0.380521,0.121944,0.145877,0.324213,0.237043,0.158488,0.200716,,
2026-07-26 07:00:00,0.209853,0.258489,0.300915,0.270245,0.284552,0.368746,0.308673,0.379724,0.121778,0.145714,0.322733,0.236113,0.158452,0.19994,,
2026-07-26 08:00:00,0.210377,0.258109,0.300352,0.269785,0.284127,0.368574,0.308368,0.379244,0.120711,0.145498,0.323186,0.235503,0.158347,0.199,,
2026-07-26 09:00:00,0.208843,0.2583,0.300236,0.269748,0.283656,0.368445,0.307808,0.3787,0.120048,0.144878,0.32204,0.234362,0.158283,0.197919,,
2026-07-26 10:00:00,0.209373,0.258193,0.299645,0.269225,0.283251,0.367865,0.307072,0.378177,0.119314,0.144218,0.319694,0.233002,0.158276,0.196724,,
2026-07-26 11:00:00,0.208827,0.258068,0.299015,0.268885,0.283034,0.367404,0.306386,0.377492,0.118502,0.1435,0.317416,0.231509,0.158283,0.195197,,
2026-07-26 12:00:00,0.208201,0.257881,0.298986,0.26827,0.282658,0.366953,0.305779,0.376688,0.11793,0.14243,0.313698,0.230233,0.158305,0.193987,,
2026-07-26 13:00:00,0.207488,0.257647,0.298628,0.267483,0.282263,0.366214,0.304948,0.375917,0.116996,0.141736,0.309578,0.228513,0.158798,0.192594,,
2026-07-26 14:00:00,0.206653,0.257042,0.298532,0.266815,0.281915,0.365422,0.304147,0.375103,0.116005,0.141057,0.306014,0.22647,0.158685,0.19102,,
2026-07-26 15:00:00,0.205826,0.257062,0.29918,0.265974,0.281351,0.364545,0.30322,0.374356,0.114737,0.140393,0.303903,0.224336,0.158537,0.189607,,
2026-07-26 16:00:00,0.203193,0.256702,0.298822,0.265026,0.280957,0.363616,0.302081,0.373663,0.113869,0.139797,0.30076,0.22247,0.158298,0.188307,,
2026-07-26 17:00:00,0.204295,0.256632,0.298348,0.26509,0.280573,0.362486,0.301129,0.373036,0.113094,0.139261,0.297768,0.220596,0.158283,0.187004,,
2026-07-26 18:00:00,0.203528,0.256187,0.29857,0.264325,0.280104,0.362081,0.300275,0.372226,0.112434,0.139004,0.294724,0.21873,0.158255,0.185911,,
2026-07-26 19:00:00,0.202996,0.256163,0.298174,0.263498,0.27958,0.361889,0.299422,0.371362,0.112031,0.138984,0.292892,0.217176,0.157419,0.184997,,
2026-07-26 20:00:00,0.202824,0.256025,0.297643,0.263062,0.279318,0.361889,0.299257,0.370845,0.11196,0.138839,0.292011,0.216138,0.157033,0.184434,,
2026-07-26 21:00:00,0.202729,0.256079,0.297536,0.262989,0.279402,0.361059,0.298735,0.370414,0.11231,0.139321,0.291677,0.21599,0.157054,0.184304,,
2026-07-26 22:00:00,0.202574,0.256193,0.297006,0.262835,0.279252,0.360762,0.298251,0.369789,0.112239,0.139446,0.291371,0.215571,0.156759,0.184099,,
2026-07-26 23:00:00,0.202496,0.256044,0.296514,0.26249,0.278776,0.359975,0.297575,0.369714,0.111901,0.139341,0.290846,0.215152,0.156374,0.183515,,
2026-07-27 00:00:00,0.200597,0.256312,0.296013,0.262082,0.278617,0.35919,0.296601,0.36952,0.111794,0.138773,0.28954,0.214791,0.156073,0.182917,,
2026-07-27 01:00:00,0.202476,0.256293,0.295195,0.261313,0.27801,0.359668,0.296158,0.368821,0.112025,0.138562,0.287211,0.213906,0.155459,0.182606,,
2026-07-27 02:00:00,0.202533,0.25662,0.294849,0.260942,0.27731,0.361219,0.296052,0.368327,0.111842,0.138259,0.286036,0.213358,0.155047,0.182153,,
2026-07-27 03:00:00,0.202583,0.256798,0.294388,0.261258,0.276751,0.361261,0.295397,0.368026,0.111647,0.138029,0.285658,0.213015,0.154908,0.181821,,
2026-07-27 04:00:00,0.202651,0.256809,0.294033,0.261476,0.276212,0.361293,0.294907,0.367576,0.111369,0.137917,0.285336,0.21255,0.154525,0.181527,,
2026-07-27 05:00:00,0.202704,0.256966,0.293678,0.261168,0.275831,0.361102,0.294215,0.366953,0.111186,0.137451,0.285024,0.212207,0.154108,0.1813,,
2026-07-27 06:00:00,0.202729,0.257267,0.293457,0.260942,0.276165,0.35937,0.293467,0.366846,0.111209,0.137464,0.284901,0.212085,0.154567,0.181089,,
2026-07-27 07:00:00,0.202453,0.25719,0.293889,0.260264,0.276119,0.358469,0.293036,0.366289,0.11072,0.137405,0.286358,0.212362,0.155124,0.180548,,
2026-07-27 08:00:00,0.199984,0.256663,0.293783,0.260039,0.275106,0.358088,0.292011,0.365615,0.110608,0.136678,0.284288,0.211466,0.154964,0.179969,,
2026-07-27 09:00:00,0.201427,0.256244,0.293611,0.261177,0.273003,0.354949,0.29054,0.364759,0.109581,0.135184,0.281492,0.208158,0.154817,0.179511,,
2026-07-27 10:00:00,0.200145,0.255644,0.293438,0.261467,0.272199,0.350797,0.289083,0.363659,0.108464,0.132477,0.278766,0.20418,0.155375,0.178732,,
2026-07-27 11:00:00,0.200787,0.25474,0.293438,0.261322,0.270981,0.349843,0.289159,0.362475,0.107667,0.131815,0.276705,0.202146,0.155738,0.177179,,
2026-07-27 12:00:00,0.199252,0.254324,0.292834,0.260535,0.270816,0.348202,0.28875,0.361655,0.106567,0.131013,0.274271,0.200328,0.155738,0.175923,,
2026-07-27 13:00:00,0.199426,0.254115,0.292011,0.260165,0.270806,0.346939,0.28798,0.360538,0.105529,0.130367,0.271525,0.198298,0.155556,0.1745,,
2026-07-27 14:00:00,0.198588,0.253698,0.291457,0.25938,0.270392,0.345898,0.287078,0.359763,0.10464,0.129786,0.269124,0.196136,0.155319,0.173069,,
2026-07-27 15:00:00,0.197761,0.253177,0.291543,0.258651,0.270125,0.345034,0.286235,0.359158,0.10331,0.129111,0.267675,0.194681,0.155312,0.171446,,
2026-07-27 16:00:00,0.196185,0.252922,0.2914,0.258075,0.269785,0.344089,0.285336,0.358395,0.102374,0.128476,0.265628,0.193083,0.154977,0.170012,,
2026-07-27 17:00:00,0.195545,0.252888,0.291973,0.257257,0.269041,0.342937,0.284543,0.357622,0.101216,0.127772,0.264034,0.191818,0.154894,0.168941,,
2026-07-27 18:00:00,0.19585,0.252615,0.291763,0.256549,0.26817,0.342378,0.283741,0.356807,0.100935,0.127418,0.261403,0.190232,0.154476,0.167845,,
2026-07-27 19:00:00,0.195394,0.252444,0.290693,0.256119,0.267474,0.342036,0.282949,0.355983,0.100497,0.127324,0.260328,0.189115,0.153899,0.166947,,
2026-07-27 20:00:00,0.195157,0.252101,0.289692,0.255707,0.267062,0.342047,0.282592,0.355424,0.100632,0.127311,0.258696,0.187847,0.153684,0.166275,,
2026-07-27 21:00:00,0.195111,0.252544,0.289359,0.255322,0.267226,0.341478,0.282112,0.355086,0.100913,0.127602,0.258498,0.187525,0.153698,0.166289,,
2026-07-27 22:00:00,0.194932,0.252508,0.289263,0.255412,0.267071,0.340775,0.281727,0.35458,0.100941,0.127715,0.258309,0.187372,0.153351,0.16595,,
2026-07-27 23:00:00,0.194783,0.252455,0.288854,0.255233,0.266714,0.340754,0.281398,0.354317,0.1008,0.127557,0.257581,0.187019,0.152929,0.165763,,
2026-07-28 00:00:00,0.194769,0.252519,0.28836,0.255143,0.266038,0.340878,0.280854,0.353822,0.100486,0.127418,0.256854,0.186576,0.152438,0.165309,,
2026-07-28 01:00:00,0.194822,0.252497,0.287875,0.254643,0.2655,0.340682,0.280404,0.353201,0.100222,0.127178,0.256396,0.186087,0.151893,0.164914,,
2026-07-28 02:00:00,0.194852,0.252852,0.287429,0.254277,0.264835,0.340682,0.279898,0.352077,0.099954,0.126977,0.255931,0.185743,0.151472,0.16454,,
2026-07-28 03:00:00,0.194874,0.252853,0.287325,0.253938,0.264407,0.340682,0.27958,0.351762,0.099741,0.126775,0.255474,0.185415,0.151032,0.164189,,
2026-07-28 04:00:00,0.194876,0.253008,0.287259,0.253653,0.263761,0.340682,0.279187,0.3513,0.099562,0.126586,0.255108,0.185073,0.150605,0.16401,,
2026-07-28 05:00:00,0.194027,0.253159,0.287173,0.25367,0.263234,0.340682,0.278682,0.350954,0.099356,0.126334,0.254688,0.184647,0.150358,0.163537,,
2026-07-28 06:00:00,0.194953,0.253491,0.287572,0.253091,0.263479,0.340589,0.278617,0.350671,0.099406,0.126152,0.254688,0.184685,0.15077,0.163451,,
2026-07-28 07:00:00,0.194663,0.253262,0.287382,0.252664,0.263316,0.339567,0.278029,0.350503,0.099138,0.125976,0.254295,0.184396,0.150777,0.162729,,
2026-07-28 08:00:00,0.193335,0.253235,0.287154,0.252415,0.262862,0.339361,0.277609,0.350042,0.09861,0.12538,0.253421,0.183796,0.15077,0.161646,,
2026-07-28 09:00:00,0.19389,0.253113,0.287211,0.251997,0.262499,0.338959,0.277012,0.349477,0.097938,0.124898,0.252495,0.182864,0.150516,0.160765,,
2026-07-28 10:00:00,0.193539,0.253022,0.287221,0.251367,0.262155,0.338732,0.276603,0.348985,0.096993,0.123737,0.252317,0.182818,0.150846,0.159094,,
2026-07-28 11:00:00,0.192067,0.252848,0.287344,0.250109,0.26162,0.340764,0.276537,0.346502,0.096812,0.12481,0.24903,0.182485,0.151955,0.157012,,
2026-07-28 12:00:00,0.190746,0.253678,0.287353,0.249595,0.261575,0.339649,0.276007,0.346272,0.096037,0.124036,0.246581,0.180834,0.151955,0.155961,,
2026-07-28 13:00:00,0.189316,0.253318,0.28687,0.248641,0.261901,0.33901,0.275691,0.346158,0.095085,0.123128,0.244406,0.178717,0.151445,0.154706,,
2026-07-28 14:00:00,0.190505,0.253004,0.286358,0.248121,0.261783,0.338825,0.27518,0.34597,0.094138,0.122569,0.242711,0.176949,0.150956,0.153331,,
2026-07-28 15:00:00,0.189957,0.252585,0.28633,0.247399,0.261439,0.338279,0.274512,0.345336,0.093633,0.122365,0.241118,0.175656,0.150681,0.151955,,
2026-07-28 16:00:00,0.188702,0.252725,0.286036,0.246809,0.261132,0.337579,0.273965,0.344702,0.092882,0.121852,0.240259,0.174685,0.150358,0.150825,,
2026-07-28 17:00:00,0.18922,0.252671,0.285979,0.246379,0.260996,0.336973,0.273521,0.344213,0.091914,0.121185,0.239799,0.173791,0.150235,0.149728,,
2026-07-28 18:00:00,0.188857,0.252583,0.285942,0.246036,0.260608,0.336418,0.273077,0.343248,0.091984,0.121142,0.238242,0.172922,0.150077,0.148968,,
2026-07-28 19:00:00,0.187671,0.252478,0.28562,0.245896,0.260355,0.336213,0.27255,0.342564,0.091581,0.120914,0.237612,0.172165,0.149974,0.14815,,
2026-07-28 20:00:00,0.188353,0.252425,0.285497,0.245597,0.260057,0.335803,0.272107,0.341995,0.090806,0.120392,0.238276,0.171761,0.149926,0.147707,,
2026-07-28 21:00:00,0.187352,0.252295,0.286036,0.245185,0.260102,0.335413,0.27194,0.341922,0.091089,0.120687,0.238233,0.171651,0.149919,0.147544,,
2026-07-28 22:00:00,0.187261,0.252484,0.285998,0.245045,0.259894,0.335126,0.271479,0.341519,0.091303,0.120841,0.237224,0.171285,0.149372,0.147435,,
2026-07-28 23:00:00,0.188088,0.252544,0.285459,0.244616,0.259461,0.334594,0.271221,0.341291,0.091667,0.121062,0.235795,0.170772,0.148886,0.147143,,
2026-07-29 00:00:00,0.188061,0.25265,0.285024,0.244712,0.259164,0.334512,0.27076,0.340744,0.091512,0.120791,0.235468,0.17067,0.148497,0.146757,,
2026-07-29 01:00:00,0.188001,0.25255,0.284835,0.244537,0.258777,0.334512,0.270383,0.340568,0.091191,0.120675,0.235657,0.170341,0.148095,0.146526,,
2026-07-29 02:00:00,0.187968,0.252849,0.284401,0.243986,0.258309,0.334512,0.269923,0.340072,0.090993,0.120324,0.234919,0.170012,0.147694,0.14637,,
2026-07-29 03:00:00,0.184483,0.252977,0.284033,0.244222,0.257769,0.334512,0.269555,0.33967,0.090812,0.120122,0.234096,0.16967,0.147286,0.145992,,
2026-07-29 04:00:00,0.18714,0.253153,0.283844,0.244275,0.257338,0.334512,0.26905,0.339289,0.090652,0.119956,0.233857,0.169436,0.147028,0.145498,,
2026-07-29 05:00:00,0.187195,0.253134,0.283684,0.243977,0.256854,0.334512,0.268711,0.339062,0.090481,0.11984,0.233198,0.169021,0.146689,0.145168,,
2026-07-29 06:00:00,0.188088,0.25349,0.284014,0.243706,0.256916,0.334512,0.268646,0.338578,0.090364,0.119534,0.233275,0.168905,0.147014,0.144952,,
2026-07-29 07:00:00,0.187889,0.253271,0.284335,0.24334,0.257069,0.33398,0.268225,0.338207,0.09037,0.119601,0.23301,0.168549,0.1473,0.144461,,
2026-07-29 08:00:00,0.186598,0.253216,0.284297,0.242851,0.256665,0.333867,0.267721,0.337888,0.089881,0.11921,0.232421,0.168019,0.147184,0.143654,,
2026-07-29 09:00:00,0.186286,0.253063,0.283976,0.242223,0.256226,0.333377,0.267373,0.337312,0.08933,0.118752,0.231432,0.167258,0.147082,0.142757,,
2026-07-29 10:00:00,0.18731,0.252949,0.283816,0.241701,0.255886,0.333152,0.26687,0.336952,0.088549,0.118045,0.230131,0.166246,0.147089,0.141742,,
2026-08-03 11:00:00,0.180715,0.230341,0.30011,0.200043,0.26269,0.261476,0.271996,0.267941,0.028653,0.090481,0.114875,0.116174,0.10424,0.119834,,
2026-08-03 12:00:00,0.179409,0.229565,0.299432,0.199624,0.262363,0.260463,0.270585,0.267364,0.027927,0.089557,0.11282,0.11412,0.103681,0.118837,,
2026-08-03 13:00:00,0.178867,0.229244,0.299006,0.199671,0.261222,0.259227,0.269997,0.267318,0.02721,0.08847,0.110991,0.11196,0.103004,0.117566,,
2026-08-03 14:00:00,0.178302,0.229025,0.296485,0.199323,0.260608,0.259543,0.269427,0.266797,0.02654,0.087059,0.10951,0.110167,0.10204,0.116198,,
2026-08-03 15:00:00,0.178589,0.227754,0.295484,0.19885,0.260093,0.259173,0.268188,0.266522,0.025952,0.086075,0.107795,0.108313,0.101397,0.114989,,
2026-08-03 16:00:00,0.178084,0.227105,0.294407,0.1984,0.25938,0.258408,0.266659,0.265828,0.025407,0.085288,0.106186,0.106538,0.100744,0.113803,,
2026-08-03 17:00:00,0.176781,0.226752,0.293237,0.198101,0.258597,0.2575,0.265172,0.265254,0.024891,0.084411,0.10476,0.104886,0.100127,0.112844,,
2026-08-03 18:00:00,0.17721,0.22617,0.292308,0.19762,0.257626,0.256845,0.263834,0.264662,0.024521,0.083688,0.103743,0.103475,0.099412,0.111741,,
2026-08-03 19:00:00,0.176883,0.225696,0.290836,0.197133,0.256737,0.25654,0.262735,0.26397,0.024267,0.08307,0.103089,0.102334,0.098671,0.110944,,
2026-08-03 20:00:00,0.174957,0.22579,0.290054,0.196654,0.256208,0.256504,0.262119,0.263325,0.024088,0.082413,0.102918,0.101498,0.098204,0.11042,,
2026-08-03 21:00:00,0.176476,0.225654,0.289854,0.196207,0.256181,0.256316,0.261892,0.263107,0.023915,0.082113,0.102907,0.101098,0.097905,0.110232,,
2026-08-03 22:00:00,0.176312,0.225751,0.28894,0.195917,0.255778,0.255993,0.261141,0.262681,0.023683,0.081825,0.102448,0.10071,0.097534,0.109962,,
2026-08-03 23:00:00,0.176211,0.225635,0.288255,0.195596,0.255233,0.255922,0.260463,0.261539,0.02346,0.081551,0.102119,0.100362,0.097236,0.109528,,
2026-08-04 00:00:00,0.176146,0.225365,0.287515,0.195291,0.25467,0.255922,0.259975,0.260996,0.023214,0.081228,0.101775,0.100065,0.096944,0.109259,,
2026-08-04 01:00:00,0.176156,0.225731,0.28686,0.194978,0.254152,0.256092,0.259543,0.260517,0.023021,0.080871,0.101414,0.099775,0.096636,0.10882,,
2026-08-04 02:00:00,0.175335,0.225869,0.286462,0.194642,0.253706,0.256101,0.259173,0.260084,0.022836,0.080564,0.101059,0.099545,0.096432,0.108499,,
2026-08-04 03:00:00,0.174488,0.225769,0.285866,0.194322,0.25335,0.25594,0.258615,0.259768,0.022697,0.080388,0.100811,0.099233,0.096218,0.108249,,
2026-08-04 04:00:00,0.176144,0.225973,0.285365,0.193815,0.252931,0.255608,0.258345,0.259434,0.022489,0.080057,0.100452,0.098949,0.095927,0.108028,,
2026-08-04 05:00:00,0.175258,0.225988,0.284968,0.193597,0.252495,0.255501,0.25803,0.258993,0.022354,0.079907,0.100306,0.09876,0.09562,0.107859,,
2026-08-04 06:00:00,0.176071,0.226005,0.285383,0.193636,0.25278,0.255895,0.257733,0.258795,0.022188,0.079487,0.100172,0.098454,0.095883,0.107778,,
2026-08-04 07:00:00,0.17586,0.225969,0.28561,0.193862,0.25294,0.25534,0.257293,0.258867,0.021907,0.079333,0.099601,0.097916,0.095883,0.107482,,
2026-08-04 08:00:00,0.173854,0.225516,0.285138,0.19362,0.252655,0.25475,0.256603,0.258849,0.021575,0.078989,0.098821,0.097192,0.095593,0.106925,,
2026-08-04 09:00:00,0.175302,0.225132,0.28686,0.193293,0.251997,0.253849,0.256172,0.257922,0.021326,0.078955,0.098282,0.095861,0.094671,0.106134,,
2026-08-04 10:00:00,0.175055,0.225164,0.292413,0.19645,0.254509,0.261222,0.258381,0.256647,0.021002,0.078855,0.096955,0.093184,0.093287,0.107441,,
2026-08-04 11:00:00,0.176407,0.232127,0.292499,0.196403,0.25458,0.261765,0.25812,0.256181,0.02049,0.078092,0.095232,0.091635,0.09326,0.106827,,
2026-08-04 12:00:00,0.176259,0.232249,0.292576,0.196144,0.253617,0.261521,0.257769,0.254688,0.019946,0.077322,0.09379,0.089998,0.093109,0.105886,,
2026-08-04 13:00:00,0.17593,0.231576,0.292375,0.195768,0.253519,0.260761,0.256746,0.254134,0.019469,0.076777,0.091747,0.088159,0.093033,0.10507,,
2026-08-04 14:00:00,0.175574,0.231122,0.292011,0.195635,0.253519,0.260337,0.255993,0.254054,0.018988,0.076204,0.089987,0.086403,0.092947,0.104257,,
2026-08-04 15:00:00,0.175223,0.230559,0.291638,0.195244,0.253501,0.260048,0.255608,0.253831,0.018595,0.075677,0.088343,0.084731,0.092661,0.103123,,
2026-08-04 16:00:00,0.17487,0.229993,0.291065,0.194806,0.253296,0.25975,0.254652,0.253403,0.018271,0.075215,0.086798,0.083233,0.092478,0.102136,,
2026-08-04 17:00:00,0.172858,0.229487,0.291562,0.194486,0.252984,0.259452,0.254009,0.253127,0.018014,0.074828,0.085562,0.081865,0.092241,0.101301,,
2026-08-04 18:00:00,0.174209,0.229003,0.291275,0.194096,0.252967,0.259434,0.253492,0.253065,0.017833,0.074581,0.084535,0.080705,0.091967,0.100475,,
2026-08-04 19:00:00,0.173971,0.228596,0.290779,0.193683,0.252495,0.259434,0.253002,0.252771,0.017805,0.074373,0.083929,0.079832,0.091608,0.099685,,
2026-08-04 20:00:00,0.173799,0.228408,0.290073,0.193278,0.252166,0.259434,0.25262,0.252273,0.017838,0.07432,0.08396,0.079378,0.091373,0.09901,,
2026-08-04 21:00:00,0.173674,0.228052,0.290083,0.19313,0.252273,0.25947,0.252682,0.252139,0.017947,0.074233,0.084278,0.079308,0.091373,0.098838,,
2026-08-04 22:00:00,0.173487,0.228323,0.28954,0.192998,0.252415,0.259452,0.252282,0.251935,0.017926,0.074007,0.084242,0.079164,0.091111,0.098393,,
2026-08-04 23:00:00,0.17339,0.228181,0.289083,0.192757,0.25198,0.259759,0.251935,0.251873,0.017826,0.073834,0.084165,0.078984,0.090881,0.098082,,
2026-08-05 00:00:00,0.173338,0.228146,0.288845,0.192594,0.251864,0.260003,0.251713,0.25158,0.017777,0.07368,0.084036,0.078984,0.090556,0.097673,,
2026-08-05 01:00:00,0.173309,0.228171,0.288502,0.192283,0.251385,0.260147,0.251331,0.251544,0.017572,0.073915,0.083744,0.079193,0.090412,0.097269,,
2026-08-05 02:00:00,0.173284,0.228241,0.288198,0.192019,0.251048,0.260544,0.251207,0.251349,0.017481,0.073786,0.083616,0.079258,0.090173,0.096889,,
2026-08-05 03:00:00,0.173265,0.228184,0.288008,0.191717,0.250711,0.260689,0.250853,0.250968,0.017362,0.073493,0.083422,0.079268,0.090067,0.096515,,
2026-08-05 04:00:00,0.172423,0.228444,0.287724,0.191547,0.25033,0.26096,0.250684,0.250835,0.017355,0.073493,0.083325,0.078984,0.089833,0.096306,,
2026-08-05 05:00:00,0.173259,0.22859,0.28741,0.19133,0.250206,0.261349,0.250427,0.250436,0.017271,0.073282,0.083141,0.078984,0.089775,0.096108,,
2026-08-05 06:00:00,0.172412,0.228369,0.287439,0.191051,0.250179,0.261304,0.250312,0.250215,0.017201,0.072851,0.08308,0.078925,0.089918,0.095993,,
2026-08-05 07:00:00,0.172288,0.228467,0.287353,0.191013,0.250321,0.261865,0.250277,0.25033,0.016947,0.072331,0.082489,0.078473,0.089807,0.095604,,
2026-08-05 08:00:00,0.172969,0.227977,0.287401,0.19075,0.250135,0.263679,0.249878,0.250153,0.016667,0.072136,0.081744,0.077889,0.089706,0.094998,,
2026-08-05 09:00:00,0.171976,0.228025,0.287192,0.190333,0.249799,0.265181,0.249489,0.250029,0.016473,0.071038,0.080725,0.076943,0.089372,0.094524,,
2026-08-05 10:00:00,0.172672,0.227761,0.287107,0.190001,0.24964,0.266915,0.249224,0.250038,0.016148,0.07013,0.079443,0.075823,0.089229,0.093866,,
2026-08-05 11:00:00,0.171644,0.227281,0.287372,0.189592,0.24926,0.26762,0.248783,0.249825,0.015766,0.069345,0.077973,0.074451,0.089161,0.093255,,
2026-08-05 12:00:00,0.17226,0.22688,0.2876,0.189284,0.249251,0.267629,0.248624,0.249799,0.01528,0.069043,0.076126,0.073052,0.089108,0.092666,,
2026-08-05 13:00:00,0.171188,0.226397,0.287543,0.188815,0.249242,0.269252,0.248183,0.249799,0.014848,0.067544,0.074257,0.071283,0.088765,0.092053,,
2026-08-05 14:00:00,0.171731,0.225975,0.28741,0.188353,0.249189,0.269822,0.247707,0.24979,0.014405,0.066605,0.072331,0.069616,0.088533,0.091314,,
2026-08-05 15:00:00,0.170603,0.22518,0.287012,0.187985,0.248897,0.269813,0.247258,0.249781,0.014036,0.06573,0.070539,0.067931,0.088249,0.090332,,
2026-08-05 16:00:00,0.170296,0.22456,0.286822,0.187647,0.24873,0.269813,0.24695,0.249728,0.013761,0.065363,0.069266,0.066513,0.088123,0.089515,,
2026-08-05 17:00:00,0.170042,0.224148,0.286917,0.187088,0.24873,0.26939,0.246414,0.249516,0.013541,0.065074,0.067843,0.06521,0.087766,0.088802,,
2026-08-05 18:00:00,0.170616,0.223587,0.286472,0.186591,0.247989,0.266934,0.246062,0.248474,0.013353,0.06603,0.066925,0.064552,0.087556,0.088039,,
2026-08-05 19:00:00,0.170471,0.22313,0.285951,0.186239,0.247601,0.267007,0.245703,0.248024,0.013383,0.065622,0.06655,0.063709,0.087096,0.087425,,
2026-08-05 20:00:00,0.170322,0.223117,0.285563,0.185827,0.247672,0.269215,0.245247,0.248491,0.013371,0.066194,0.066431,0.06349,0.08695,0.086981,,
2026-08-05 21:00:00,0.170209,0.223013,0.285743,0.185896,0.247672,0.270052,0.245255,0.248244,0.013509,0.066244,0.066952,0.063414,0.086934,0.086653,,
2026-08-05 22:00:00,0.170048,0.222643,0.285383,0.18582,0.247672,0.270365,0.24501,0.248315,0.01348,0.066067,0.06703,0.063272,0.086653,0.086387,,
2026-08-05 23:00:00,0.168323,0.222856,0.284883,0.18553,0.247592,0.270365,0.244625,0.248156,0.013439,0.065894,0.067048,0.063201,0.086335,0.086039,,
2026-08-06 00:00:00,0.169908,0.222856,0.284495,0.185141,0.247152,0.27042,0.244467,0.248121,0.013418,0.065594,0.066961,0.063116,0.086065,0.08564,,
2026-08-06 01:00:00,0.169897,0.222904,0.284288,0.185065,0.246862,0.270457,0.243759,0.247636,0.013455,0.064745,0.067016,0.062841,0.085645,0.085236,,
2026-08-06 02:00:00,0.169876,0.223009,0.283722,0.184669,0.246458,0.270365,0.243497,0.247434,0.013439,0.064094,0.066824,0.062633,0.085386,0.08488,,
2026-08-06 03:00:00,0.169876,0.223152,0.283345,0.184206,0.24608,0.269905,0.243052,0.247011,0.013408,0.063852,0.066691,0.062571,0.085195,0.084612,,
2026-08-06 04:00:00,0.169876,0.223259,0.282771,0.184077,0.245685,0.269978,0.242842,0.246598,0.013355,0.06358,0.066627,0.062398,0.085024,0.084375,,
2026-08-06 05:00:00,0.169063,0.223379,0.282601,0.183864,0.245448,0.270383,0.242746,0.24637,0.013316,0.063392,0.06649,0.062363,0.084767,0.084119,,
2026-08-06 06:00:00,0.169888,0.223498,0.282865,0.183667,0.245448,0.270318,0.242677,0.24608,0.013281,0.06325,0.066276,0.062341,0.085092,0.084088,,
2026-08-06 07:00:00,0.169746,0.22346,0.283157,0.183159,0.245036,0.267538,0.242616,0.24529,0.013046,0.062907,0.065726,0.061921,0.085102,0.083801,,
2026-08-06 08:00:00,0.169582,0.223178,0.283185,0.182773,0.24452,0.266203,0.242345,0.244852,0.012756,0.062761,0.064799,0.061412,0.084963,0.083299,,
2026-08-06 09:00:00,0.169473,0.22284,0.282281,0.182236,0.244406,0.266596,0.241875,0.245711,0.012452,0.06223,0.063401,0.060721,0.08454,0.082708,,
2026-08-06 10:00:00,0.169363,0.222327,0.279964,0.181368,0.244047,0.267684,0.241188,0.248906,0.012218,0.060939,0.061394,0.059704,0.083821,0.082174,,
2026-08-06 11:00:00,0.169162,0.221455,0.280076,0.180871,0.243776,0.267373,0.240867,0.248174,0.011873,0.059795,0.059372,0.058491,0.083847,0.081668,,
2026-08-06 12:00:00,0.168863,0.221115,0.325706,0.180164,0.273077,0.264198,0.264871,0.245817,0.011249,0.078453,0.058989,0.058171,0.083703,0.082124,,
2026-08-06 13:00:00,0.19893,0.220658,0.323609,0.179751,0.271479,0.263443,0.27218,0.245834,0.010876,0.087708,0.056102,0.059225,0.083499,0.083335,,
2026-08-06 14:00:00,0.194348,0.219902,0.321779,0.179174,0.270908,0.262789,0.27255,0.245667,0.01052,0.087237,0.054397,0.060542,0.08331,0.084463,,
2026-08-06 15:00:00,0.191097,0.219218,0.320245,0.178575,0.270908,0.261738,0.272088,0.24558,0.010233,0.086252,0.05286,0.061517,0.083146,0.085474,,
2026-08-06 16:00:00,0.188912,0.218424,0.319234,0.178104,0.270862,0.260409,0.271498,0.245861,0.009977,0.085241,0.051405,0.062186,0.082912,0.086252,,
2026-08-06 17:00:00,0.186407,0.217839,0.317855,0.177851,0.270724,0.259065,0.270263,0.246098,0.009736,0.084334,0.050093,0.062535,0.082825,0.086778,,
2026-08-06 18:00:00,0.185983,0.217084,0.315455,0.177254,0.270245,0.258237,0.268958,0.245746,0.009486,0.083652,0.04874,0.062823,0.082398,0.086918,,
2026-08-06 19:00:00,0.185006,0.216581,0.313233,0.176279,0.269096,0.258165,0.268335,0.245168,0.009366,0.083218,0.047803,0.06297,0.081718,0.086726,,
2026-08-06 20:00:00,0.184432,0.216403,0.311976,0.175544,0.268188,0.258237,0.267638,0.24459,0.009404,0.082963,0.047301,0.06325,0.081289,0.086694,,
2026-08-06 21:00:00,0.184083,0.216629,0.311245,0.175055,0.268124,0.258201,0.267574,0.243794,0.009517,0.082769,0.047398,0.063705,0.081254,0.087039,,
2026-08-06 22:00:00,0.183705,0.21659,0.310534,0.174907,0.268005,0.258489,0.26719,0.243873,0.00954,0.082311,0.047579,0.064331,0.081007,0.087279,,
2026-08-06 23:00:00,0.183379,0.216619,0.309716,0.174183,0.267712,0.258471,0.266714,0.243558,0.009483,0.081865,0.04756,0.064916,0.080735,0.087368,,
2026-08-07 00:00:00,0.183092,0.216594,0.308781,0.17388,0.26729,0.258453,0.266614,0.243401,0.009466,0.081496,0.047448,0.065377,0.080443,0.087472,,
2026-08-07 01:00:00,0.18286,0.216554,0.307995,0.173577,0.266733,0.258327,0.266431,0.242886,0.009438,0.081138,0.047344,0.065735,0.080163,0.087415,,
2026-08-07 02:00:00,0.181785,0.216755,0.307543,0.173091,0.266248,0.258309,0.26634,0.242494,0.009423,0.080735,0.047232,0.06598,0.079912,0.087373,,
2026-08-07 03:00:00,0.182475,0.21677,0.307063,0.17265,0.265746,0.255125,0.266212,0.242206,0.00943,0.080313,0.047232,0.066158,0.079847,0.087436,,
2026-08-07 04:00:00,0.182302,0.216776,0.306327,0.17237,0.265363,0.254455,0.266331,0.241814,0.009385,0.079887,0.047232,0.066399,0.079642,0.087488,,
2026-08-07 05:00:00,0.182136,0.216853,0.305583,0.172179,0.26499,0.254366,0.265892,0.241588,0.009373,0.079463,0.047209,0.066422,0.079502,0.087431,,
2026-08-07 06:00:00,0.18113,0.217116,0.305505,0.171988,0.264944,0.254232,0.265819,0.241284,0.009378,0.078895,0.047105,0.066577,0.079562,0.087546,,
2026-08-07 07:00:00,0.180876,0.217101,0.305349,0.171651,0.26488,0.254277,0.265746,0.241292,0.00926,0.078077,0.046787,0.066317,0.079677,0.087383,,
2026-08-07 08:00:00,0.181326,0.216808,0.304899,0.171241,0.264662,0.254036,0.265354,0.24124,0.009082,0.077775,0.045979,0.065858,0.079687,0.087023,,
2026-08-07 09:00:00,0.180095,0.216533,0.304284,0.170911,0.264225,0.253884,0.264917,0.241318,0.008883,0.076943,0.044986,0.065142,0.079283,0.086637,,
2026-08-07 10:00:00,0.180545,0.21631,0.303396,0.170575,0.263952,0.253403,0.264398,0.241292,0.008613,0.074847,0.043982,0.063991,0.079293,0.086215,,
2026-08-07 11:00:00,0.180111,0.215938,0.3095,0.17002,0.263779,0.252895,0.263852,0.241197,0.00836,0.073829,0.043122,0.061961,0.079173,0.085712,,
2026-08-07 12:00:00,0.179621,0.215531,0.311669,0.169451,0.263779,0.252122,0.263098,0.241214,0.008072,0.07266,0.041578,0.060442,0.078969,0.085252,,
2026-08-07 13:00:00,0.179058,0.215005,0.311847,0.168978,0.263943,0.251056,0.261946,0.241336,0.007794,0.071733,0.040235,0.058972,0.078766,0.084803,,
2026-08-07 14:00:00,0.178428,0.214323,0.311541,0.168556,0.263943,0.25025,0.261005,0.241249,0.007571,0.070986,0.038912,0.057698,0.078642,0.084134,,
2026-08-07 15:00:00,0.177807,0.213602,0.311373,0.16799,0.263716,0.249861,0.259939,0.241171,0.007337,0.070318,0.037542,0.056484,0.078354,0.083473,,
2026-08-07 16:00:00,0.177249,0.212798,0.310998,0.16728,0.263561,0.249648,0.259299,0.241214,0.007133,0.06949,0.036263,0.055396,0.078092,0.082774,,
2026-08-07 17:00:00,0.176733,0.212327,0.310662,0.166846,0.26338,0.249295,0.258678,0.24131,0.006978,0.068685,0.035163,0.05438,0.078027,0.082276,,
2026-08-07 18:00:00,0.176195,0.211601,0.309972,0.166167,0.263007,0.248862,0.257554,0.240919,0.006818,0.068143,0.034148,0.053419,0.077701,0.081693,,
2026-08-07 19:00:00,0.175826,0.211119,0.30884,0.165439,0.262345,0.248597,0.257177,0.240467,0.006716,0.068023,0.033562,0.052596,0.077184,0.081047,,
2026-08-07 20:00:00,0.174793,0.211007,0.308132,0.164734,0.261629,0.248659,0.2568,0.239834,0.006729,0.068005,0.033361,0.051952,0.076742,0.08069,,
2026-08-07 21:00:00,0.17548,0.21104,0.307985,0.164425,0.261666,0.248527,0.256163,0.239288,0.006799,0.067866,0.03351,0.051522,0.076698,0.080659,,
2026-08-07 22:00:00,0.174451,0.210937,0.307465,0.164182,0.261593,0.248438,0.256181,0.23928,0.006803,0.067696,0.033617,0.051477,0.076473,0.080569,,
2026-08-07 23:00:00,0.175139,0.210833,0.307063,0.164031,0.261494,0.248588,0.255868,0.239176,0.006751,0.067461,0.033611,0.051542,0.07616,0.080328,,
2026-08-08 00:00:00,0.175031,0.210896,0.306249,0.163687,0.261032,0.248765,0.255805,0.238752,0.006699,0.067213,0.033501,0.051719,0.075848,0.080102,,
2026-08-08 01:00:00,0.173309,0.21093,0.305603,0.163351,0.260445,0.248774,0.255313,0.238346,0.006652,0.066943,0.033355,0.051739,0.075536,0.079772,,
2026-08-08 02:00:00,0.174978,0.210918,0.305016,0.16295,0.259723,0.248456,0.254973,0.237896,0.006629,0.066627,0.033216,0.051952,0.075264,0.079492,,
2026-08-08 03:00:00,0.174948,0.21115,0.304674,0.162508,0.259182,0.24835,0.254732,0.237482,0.006629,0.066208,0.033145,0.05196,0.075031,0.079373,,
2026-08-08 04:00:00,0.174911,0.211088,0.304235,0.162272,0.258588,0.248192,0.254616,0.237051,0.006626,0.065808,0.033007,0.05196,0.074857,0.079193,,
2026-08-08 05:00:00,0.174077,0.211425,0.303884,0.161923,0.258219,0.248394,0.25458,0.236698,0.006603,0.065445,0.032846,0.051968,0.074576,0.078989,,
2026-08-08 06:00:00,0.174909,0.211562,0.303903,0.161681,0.258228,0.248147,0.254545,0.236698,0.006629,0.065016,0.032843,0.05196,0.074716,0.078979,,
2026-08-08 07:00:00,0.174755,0.211606,0.303923,0.161489,0.258345,0.248333,0.254429,0.236698,0.006567,0.064408,0.03267,0.05186,0.074837,0.078865,,
2026-08-08 08:00:00,0.174466,0.211242,0.303923,0.161077,0.257985,0.248209,0.254125,0.236698,0.006409,0.063646,0.032246,0.051437,0.074639,0.078394,,
2026-08-08 09:00:00,0.174263,0.21094,0.303884,0.160594,0.257644,0.247451,0.253278,0.23656,0.006236,0.062712,0.031334,0.050741,0.074523,0.077849,,
2026-08-08 10:00:00,0.174026,0.21067,0.303669,0.159928,0.257248,0.247047,0.252317,0.236233,0.006083,0.061363,0.030066,0.049892,0.074499,0.077411,,
2026-08-08 11:00:00,0.172936,0.210258,0.303562,0.159363,0.25697,0.246554,0.251873,0.236182,0.005893,0.05983,0.028944,0.048912,0.074412,0.076693,,
2026-08-08 12:00:00,0.173476,0.209833,0.303211,0.158741,0.256674,0.246054,0.251473,0.23576,0.005651,0.058166,0.02767,0.047838,0.07406,0.076165,,
2026-08-08 13:00:00,0.173144,0.209324,0.302831,0.158086,0.256567,0.245562,0.250764,0.235666,0.005442,0.056775,0.026522,0.046699,0.073752,0.075658,,
2026-08-08 14:00:00,0.171951,0.208732,0.302675,0.157306,0.256361,0.245028,0.250241,0.235666,0.00528,0.055863,0.025554,0.045608,0.073483,0.07508,,
2026-08-08 15:00:00,0.172407,0.208014,0.302402,0.156605,0.25619,0.244511,0.249746,0.235666,0.005133,0.055105,0.024707,0.044544,0.073397,0.074484,,
2026-08-08 16:00:00,0.172026,0.207521,0.301945,0.156115,0.256128,0.243977,0.249021,0.235666,0.004973,0.05431,0.023874,0.043542,0.073215,0.07379,,
2026-08-08 17:00:00,0.171672,0.206958,0.301644,0.155563,0.255948,0.243444,0.248165,0.235666,0.004844,0.053619,0.023096,0.042565,0.07299,0.073133,,
2026-08-08 18:00:00,0.171362,0.206397,0.301342,0.154936,0.255635,0.243313,0.247601,0.235443,0.004469,0.053267,0.021896,0.041726,0.072765,0.072484,,
2026-08-08 19:00:00,0.171103,0.205961,0.300255,0.154254,0.255268,0.243174,0.246985,0.235013,0.004377,0.053378,0.021422,0.040952,0.07235,0.072041,,
2026-08-08 20:00:00,0.170915,0.205708,0.299742,0.153663,0.254705,0.243226,0.246721,0.234636,0.004378,0.053738,0.021244,0.040274,0.071989,0.071662,,
2026-08-08 21:00:00,0.170762,0.205542,0.299722,0.153442,0.254929,0.243488,0.246739,0.234216,0.00443,0.053919,0.021389,0.039592,0.071932,0.071529,,
2026-08-08 22:00:00,0.170551,0.205455,0.299286,0.153247,0.254786,0.243584,0.246466,0.234122,0.004392,0.054034,0.02137,0.03902,0.071577,0.071373,,
2026-08-08 23:00:00,0.170431,0.205431,0.298735,0.153047,0.254473,0.243471,0.246106,0.233917,0.00432,0.053915,0.021319,0.038709,0.071227,0.07108,,
2026-08-09 00:00:00,0.170387,0.205402,0.298174,0.15268,0.254009,0.243602,0.24558,0.233566,0.004264,0.053915,0.021195,0.038497,0.070878,0.07068,,
2026-08-09 01:00:00,0.170338,0.20524,0.297546,0.152362,0.253341,0.243444,0.245238,0.233096,0.004216,0.053792,0.021061,0.038372,0.070586,0.070346,,
2026-08-09 02:00:00,0.170319,0.205493,0.296929,0.15192,0.252869,0.24313,0.244984,0.232668,0.004186,0.053652,0.020971,0.038213,0.07044,0.070135,,
2026-08-09 03:00:00,0.169465,0.205596,0.296437,0.151789,0.252433,0.242947,0.245106,0.232293,0.004153,0.053443,0.020795,0.038037,0.070252,0.069821,,
2026-08-09 04:00:00,0.17028,0.205692,0.296129,0.151562,0.251971,0.242947,0.244896,0.232003,0.004152,0.053325,0.020754,0.037892,0.070018,0.069611,,
2026-08-09 05:00:00,0.170277,0.205788,0.295609,0.151197,0.2515,0.242999,0.244765,0.23156,0.004152,0.053145,0.020751,0.037806,0.069803,0.069415,,
2026-08-09 06:00:00,0.170253,0.20584,0.295397,0.151183,0.251553,0.242956,0.244677,0.231552,0.004169,0.052778,0.020683,0.03761,0.069854,0.069243,,
2026-08-09 07:00:00,0.170117,0.205847,0.295599,0.150983,0.251811,0.24293,0.244563,0.231756,0.00435,0.052199,0.020905,0.037384,0.069873,0.069103,,
2026-08-09 08:00:00,0.169868,0.205547,0.295243,0.150516,0.251447,0.24245,0.244144,0.231756,0.004138,0.051526,0.020416,0.037073,0.069723,0.06862,,
2026-08-09 09:00:00,0.169714,0.205235,0.295176,0.149967,0.250968,0.242206,0.243811,0.231569,0.004176,0.050642,0.019994,0.036638,0.06949,0.068111,,
2026-08-09 10:00:00,0.168743,0.205031,0.295205,0.149276,0.250596,0.241858,0.243226,0.23156,0.003979,0.049281,0.019049,0.036156,0.069494,0.067742,,
2026-08-09 11:00:00,0.169385,0.204588,0.294955,0.148566,0.250224,0.241571,0.242764,0.231458,0.003851,0.047683,0.018384,0.035572,0.06941,0.067213,,
2026-08-09 12:00:00,0.16922,0.204335,0.294772,0.147877,0.250011,0.241171,0.241866,0.231143,0.003802,0.046481,0.017579,0.035419,0.069308,0.066755,,
2026-08-09 13:00:00,0.168979,0.203893,0.294618,0.147123,0.249852,0.240788,0.241197,0.231245,0.003682,0.044515,0.017097,0.034378,0.068903,0.066335,,
2026-08-09 14:00:00,0.167908,0.203399,0.29458,0.14637,0.249817,0.240441,0.240901,0.231432,0.003594,0.043457,0.016537,0.033705,0.06862,0.065967,,
2026-08-09 15:00:00,0.167622,0.202846,0.294465,0.145714,0.249763,0.240033,0.240424,0.231526,0.003477,0.042609,0.015971,0.033071,0.068606,0.065463,,
2026-08-09 16:00:00,0.168177,0.202332,0.294186,0.145067,0.249675,0.239834,0.239843,0.23156,0.003387,0.041965,0.015445,0.032478,0.068541,0.064907,,
2026-08-09 17:00:00,0.16793,0.201852,0.293966,0.14444,0.249542,0.23928,0.239323,0.231543,0.00319,0.041027,0.014887,0.031869,0.068287,0.064273,,
2026-08-09 18:00:00,0.167714,0.201357,0.293438,0.143755,0.249154,0.240545,0.238691,0.231075,0.003166,0.040335,0.014514,0.031441,0.067945,0.06378,,
2026-08-09 19:00:00,0.167566,0.20101,0.29271,0.143005,0.248606,0.238371,0.238207,0.230684,0.003099,0.040274,0.014107,0.030938,0.067567,0.063179,,
2026-08-09 20:00:00,0.167463,0.200797,0.292308,0.14253,0.248192,0.241484,0.237922,0.230131,0.003101,0.04073,0.013931,0.03054,0.067305,0.062801,,
2026-08-09 21:00:00,0.167366,0.200726,0.292059,0.142249,0.2482,0.241649,0.237974,0.23003,0.003126,0.041149,0.013929,0.030026,0.067154,0.062743,,
2026-08-09 22:00:00,0.167218,0.200623,0.291486,0.142049,0.248068,0.241431,0.237776,0.229682,0.003061,0.041358,0.013835,0.029635,0.066824,0.062447,,
2026-08-09 23:00:00,0.167158,0.200442,0.29096,0.141756,0.247654,0.241475,0.237534,0.229249,0.00301,0.041455,0.013709,0.029398,0.066522,0.062146,,
2026-08-10 00:00:00,0.167114,0.200339,0.290416,0.141456,0.247117,0.241266,0.237008,0.229004,0.002963,0.041578,0.013597,0.029198,0.06629,0.061952,,
2026-08-10 01:00:00,0.167077,0.200447,0.289835,0.14125,0.24666,0.241032,0.236741,0.228538,0.00292,0.041646,0.013504,0.02899,0.066044,0.061653,,
2026-08-10 02:00:00,0.167073,0.200506,0.289435,0.14099,0.246141,0.240919,0.236483,0.2282,0.002897,0.041639,0.01334,0.028842,0.065808,0.061359,,
2026-08-10 03:00:00,0.167085,0.200607,0.288949,0.140638,0.245624,0.240771,0.236225,0.22776,0.002848,0.041925,0.013106,0.028842,0.065749,0.061101,,
2026-08-10 04:00:00,0.1671,0.200789,0.288845,0.140168,0.245159,0.240754,0.235907,0.227372,0.00284,0.041552,0.013196,0.028453,0.065377,0.060913,,
2026-08-10 05:00:00,0.167101,0.200868,0.288902,0.139837,0.244817,0.240589,0.235846,0.226942,0.002826,0.041426,0.013123,0.028211,0.065318,0.06062,,
2026-08-10 06:00:00,0.165487,0.200826,0.289007,0.139665,0.244826,0.240571,0.236018,0.226815,0.002853,0.041333,0.013141,0.028051,0.06544,0.060525,,
2026-08-10 07:00:00,0.166996,0.200944,0.289463,0.13981,0.245054,0.240554,0.235855,0.226891,0.002874,0.040963,0.013119,0.027838,0.065635,0.060372,,
2026-08-10 08:00:00,0.166728,0.200623,0.289444,0.139413,0.245001,0.240137,0.235675,0.226984,0.00277,0.040666,0.01286,0.027699,0.065594,0.060003,,
2026-08-10 09:00:00,0.166582,0.200429,0.289368,0.138879,0.244651,0.239834,0.235297,0.226984,0.002701,0.040044,0.012674,0.027312,0.065422,0.059562,,
2026-08-10 10:00:00,0.166483,0.199995,0.288312,0.138299,0.244555,0.239782,0.235142,0.227102,0.00261,0.039181,0.012484,0.026739,0.065052,0.059126,,
2026-08-10 11:00:00,0.166365,0.199871,0.283175,0.137543,0.245282,0.24084,0.235357,0.227997,0.002423,0.038196,0.011938,0.026092,0.064601,0.05877,,
2026-08-10 12:00:00,0.164606,0.199708,0.2831,0.136449,0.244905,0.24019,0.23473,0.227997,0.002356,0.036716,0.011654,0.025665,0.064709,0.058543,,
2026-08-10 13:00:00,0.166038,0.199317,0.283694,0.135822,0.242537,0.239254,0.234216,0.227473,0.002389,0.035609,0.010851,0.024841,0.064592,0.057966,,
2026-08-10 14:00:00,0.165964,0.198185,0.283788,0.135509,0.241962,0.239046,0.233634,0.22749,0.002352,0.034387,0.010256,0.024176,0.064484,0.057312,,
2026-08-10 15:00:00,0.165862,0.197817,0.28343,0.134768,0.241814,0.238216,0.232754,0.227229,0.002304,0.033274,0.00988,0.023699,0.064264,0.056847,,
2026-08-10 16:00:00,0.165641,0.197392,0.283222,0.134145,0.241649,0.236896,0.23243,0.226773,0.002256,0.032256,0.009587,0.023306,0.064228,0.056329,,
2026-08-10 17:00:00,0.165348,0.196968,0.2831,0.133484,0.241527,0.236165,0.232131,0.226984,0.002197,0.031315,0.009329,0.022873,0.064125,0.055964,,
2026-08-10 18:00:00,0.164358,0.196488,0.282573,0.132709,0.241205,0.235675,0.231543,0.22663,0.002141,0.030618,0.008966,0.022513,0.063879,0.055446,,
2026-08-10 19:00:00,0.164222,0.196213,0.281915,0.13195,0.240693,0.235451,0.230811,0.226276,0.002087,0.030596,0.008651,0.022161,0.063575,0.054972,,
2026-08-10 20:00:00,0.164161,0.196001,0.281539,0.131365,0.240485,0.235425,0.230599,0.225973,0.002017,0.030711,0.008528,0.021972,0.063423,0.054661,,
2026-08-10 21:00:00,0.164879,0.195775,0.281595,0.131205,0.240736,0.235752,0.230607,0.225965,0.001908,0.030813,0.008572,0.021726,0.063259,0.054628,,
2026-08-10 22:00:00,0.164752,0.195729,0.28121,0.130897,0.240519,0.2357,0.230293,0.225797,0.001867,0.031097,0.00849,0.021456,0.062974,0.054413,,
2026-08-10 23:00:00,0.16386,0.195529,0.280873,0.130584,0.240285,0.235743,0.230021,0.225469,0.001805,0.031215,0.008362,0.021321,0.062659,0.054112,,
2026-08-11 00:00:00,0.164619,0.195563,0.280366,0.130226,0.239817,0.235666,0.229648,0.225175,0.00181,0.031563,0.008214,0.021174,0.062394,0.053828,,
2026-08-11 01:00:00,0.164594,0.195465,0.279898,0.130066,0.239427,0.23534,0.229309,0.224965,0.001891,0.032132,0.008075,0.021051,0.062296,0.053648,,
2026-08-11 02:00:00,0.164576,0.195588,0.279439,0.129747,0.239037,0.235194,0.229004,0.22447,0.001858,0.032192,0.007991,0.02091,0.062089,0.053455,,
2026-08-11 03:00:00,0.164555,0.195628,0.279206,0.129575,0.238657,0.235194,0.228453,0.224202,0.001828,0.032259,0.007931,0.020782,0.061873,0.053243,,
2026-08-11 04:00:00,0.163754,0.195666,0.278953,0.129251,0.238225,0.234799,0.228352,0.22395,0.00181,0.032227,0.007893,0.020754,0.06182,0.053035,,
2026-08-11 05:00:00,0.16375,0.195703,0.279103,0.128926,0.237802,0.234842,0.227972,0.223431,0.001777,0.032183,0.007852,0.020629,0.061622,0.052888,,
2026-08-11 06:00:00,0.164554,0.195732,0.278813,0.128901,0.237827,0.234559,0.227955,0.223289,0.001777,0.031651,0.008096,0.020634,0.06164,0.052762,,
2026-08-11 07:00:00,0.164415,0.19573,0.278925,0.128748,0.238173,0.234765,0.227946,0.2238,0.001803,0.031265,0.008207,0.020409,0.061816,0.052669,,
2026-08-11 08:00:00,0.164171,0.195457,0.279056,0.128349,0.23794,0.234439,0.227617,0.223883,0.001731,0.030463,0.008169,0.020124,0.061596,0.052324,,
2026-08-11 09:00:00,0.164029,0.195321,0.279234,0.127848,0.237543,0.233899,0.227009,0.223465,0.00169,0.02983,0.007763,0.019754,0.061561,0.051972,,
2026-08-11 10:00:00,0.163131,0.19514,0.279234,0.127122,0.237163,0.233472,0.226689,0.223456,0.001621,0.028292,0.007668,0.019499,0.061565,0.051731,,
2026-08-11 11:00:00,0.163792,0.194899,0.279262,0.126517,0.236853,0.233301,0.226344,0.223456,0.001564,0.026777,0.007662,0.019235,0.061495,0.051341,,
2026-08-11 12:00:00,0.162828,0.194646,0.278878,0.12602,0.236681,0.232959,0.225797,0.223456,0.001497,0.025489,0.007407,0.018837,0.061214,0.051017,,
2026-08-11 13:00:00,0.163447,0.194318,0.278523,0.125317,0.236595,0.232583,0.22536,0.223456,0.001447,0.024372,0.007195,0.018446,0.060974,0.050845,,
2026-08-11 14:00:00,0.162442,0.193994,0.277105,0.124317,0.236483,0.232575,0.225133,0.223456,0.001428,0.023596,0.007006,0.018035,0.060751,0.050474,,
2026-08-11 15:00:00,0.163046,0.19365,0.277525,0.123389,0.236285,0.232054,0.224512,0.223456,0.001352,0.022673,0.006841,0.017784,0.060546,0.050093,,
2026-08-11 16:00:00,0.16285,0.193209,0.278663,0.122557,0.236182,0.231432,0.224026,0.223456,0.001314,0.021951,0.006693,0.01753,0.060516,0.049734,,
2026-08-11 17:00:00,0.162656,0.192887,0.27815,0.122037,0.236173,0.231109,0.223548,0.223456,0.001272,0.021275,0.006532,0.017245,0.060442,0.049355,,
2026-08-11 18:00:00,0.162479,0.192607,0.277991,0.121087,0.235846,0.230616,0.22293,0.22344,0.001231,0.020856,0.006299,0.017018,0.06022,0.048983,,
2026-08-11 19:00:00,0.162352,0.192306,0.277581,0.120134,0.235348,0.230395,0.222454,0.223147,0.001194,0.020769,0.006049,0.016731,0.059921,0.048588,,
2026-08-11 20:00:00,0.162295,0.192086,0.277376,0.119448,0.235031,0.23031,0.222295,0.222763,0.001176,0.02091,0.005881,0.016566,0.059735,0.048257,,
2026-08-11 21:00:00,0.162223,0.191949,0.277599,0.119002,0.235108,0.23031,0.222212,0.222454,0.00119,0.021275,0.005865,0.016396,0.059601,0.048218,,
2026-08-11 22:00:00,0.161298,0.191819,0.277385,0.118642,0.235065,0.230242,0.22192,0.222437,0.001147,0.021471,0.005758,0.016188,0.059337,0.048125,,
2026-08-11 23:00:00,0.162046,0.191697,0.2769,0.118411,0.23461,0.230276,0.22152,0.222328,0.00109,0.021627,0.005633,0.016024,0.059053,0.047822,,
2026-08-12 00:00:00,0.162017,0.191635,0.276593,0.118112,0.234182,0.230225,0.221245,0.221928,0.001047,0.021718,0.005514,0.016013,0.058817,0.047486,,
2026-08-12 01:00:00,0.162022,0.191626,0.276128,0.117699,0.233805,0.229953,0.22087,0.221495,0.001014,0.021839,0.005433,0.015971,0.058658,0.047267,,
2026-08-12 02:00:00,0.161996,0.191544,0.275914,0.117311,0.233566,0.229699,0.220687,0.221311,0.000995,0.021943,0.005396,0.015879,0.058453,0.047159,,
2026-08-12 03:00:00,0.161959,0.191533,0.275942,0.117002,0.233258,0.229767,0.220845,0.220979,0.000995,0.021993,0.005446,0.015741,0.058444,0.047067,,
2026-08-12 04:00:00,0.161905,0.191635,0.275868,0.117068,0.233087,0.229682,0.220455,0.22127,0.000987,0.022104,0.005413,0.01559,0.058324,0.046933,,
2026-08-12 05:00:00,0.161856,0.191615,0.275505,0.117068,0.233061,0.229809,0.22028,0.221453,0.000962,0.022151,0.00537,0.015478,0.058188,0.046791,,
2026-08-12 06:00:00,0.1618,0.191577,0.275719,0.116947,0.233087,0.229775,0.220264,0.221453,0.00098,0.022119,0.005423,0.015441,0.058209,0.046783,,
2026-08-12 07:00:00,0.161683,0.191443,0.276928,0.11679,0.232959,0.229444,0.21989,0.221436,0.000958,0.021841,0.005433,0.015272,0.058209,0.046554,,
2026-08-12 08:00:00,0.161552,0.191384,0.277031,0.116669,0.233096,0.229521,0.219956,0.221453,0.000929,0.021682,0.005396,0.015217,0.058188,0.046314,,
2026-08-12 11:00:00,0.160421,0.190993,0.276655,0.114216,0.2299,0.226138,0.217852,0.217509,0.000892,0.01995,0.004898,0.014249,0.058006,0.045281,,
2026-08-12 12:00:00,0.1611,0.190791,0.276444,0.113672,0.229809,0.225855,0.217506,0.217465,0.000873,0.019326,0.00479,0.014026,0.057932,0.045009,,
2026-08-12 13:00:00,0.160952,0.190596,0.276342,0.11307,0.229521,0.22557,0.217193,0.217358,0.000847,0.018813,0.004641,0.013829,0.057757,0.04475,,
2026-08-12 14:00:00,0.160023,0.190394,0.342098,0.111948,0.270595,0.225679,0.251225,0.217581,0.00084,0.075775,0.004867,0.01473,0.056918,0.050113,,
2026-08-12 15:00:00,0.197425,0.190168,0.336706,0.11115,0.26259,0.225292,0.260075,0.217399,0.000821,0.073047,0.004765,0.014542,0.056771,0.055851,,
2026-08-12 16:00:00,0.190435,0.189918,0.335116,0.110467,0.261213,0.225133,0.26087,0.217176,0.000799,0.071043,0.004661,0.014441,0.056661,0.058881,,
2026-08-12 17:00:00,0.187275,0.189672,0.333653,0.109879,0.260526,0.225124,0.260653,0.217168,0.000773,0.068685,0.004578,0.014342,0.056577,0.060799,,
2026-08-12 18:00:00,0.185176,0.1894,0.332376,0.109112,0.259975,0.224747,0.260436,0.217234,0.000748,0.066934,0.004449,0.014314,0.056413,0.062133,,
2026-08-12 19:00:00,0.183715,0.189181,0.330918,0.108359,0.259299,0.224713,0.260021,0.217218,0.000718,0.065631,0.004288,0.014314,0.056194,0.06297,,
2026-08-12 20:00:00,0.182764,0.189021,0.329484,0.107586,0.258912,0.224705,0.260039,0.21688,0.000732,0.065047,0.004221,0.014395,0.055997,0.06366,,
2026-08-12 21:00:00,0.182106,0.188915,0.328145,0.107041,0.258912,0.224721,0.259975,0.21697,0.000746,0.064777,0.004221,0.014518,0.055876,0.064552,,
2026-08-12 22:00:00,0.181545,0.188804,0.32695,0.106734,0.258867,0.224654,0.25993,0.216533,0.000728,0.064547,0.004195,0.014633,0.055604,0.065314,,
2026-08-12 23:00:00,0.18108,0.188689,0.326151,0.10633,0.258453,0.224503,0.259804,0.216484,0.000697,0.064372,0.004114,0.014797,0.055396,0.065708,,
2026-08-13 00:00:00,0.180711,0.188637,0.325373,0.106019,0.258102,0.224394,0.259389,0.216056,0.000681,0.064076,0.004053,0.015017,0.055196,0.066135,,
2026-08-13 01:00:00,0.180439,0.188607,0.323951,0.105852,0.25767,0.224143,0.259317,0.215801,0.000661,0.063767,0.004011,0.015221,0.055146,0.066531,,
2026-08-13 02:00:00,0.178486,0.188605,0.322874,0.105547,0.257266,0.223766,0.258957,0.215448,0.00064,0.063339,0.003957,0.015421,0.054947,0.066938,,
2026-08-13 03:00:00,0.179985,0.188597,0.322562,0.105185,0.256898,0.223431,0.258705,0.214955,0.000634,0.063005,0.003904,0.015672,0.054852,0.067259,,
2026-08-13 04:00:00,0.179839,0.18862,0.321879,0.104829,0.256594,0.223005,0.258381,0.214602,0.000623,0.062686,0.00388,0.015886,0.054661,0.067549,,
2026-08-13 05:00:00,0.179699,0.188636,0.321137,0.104503,0.256217,0.223055,0.258282,0.214373,0.00061,0.062318,0.003847,0.016092,0.054591,0.067848,,
2026-08-13 06:00:00,0.179538,0.188675,0.320766,0.104474,0.256387,0.223189,0.258345,0.214201,0.000634,0.061913,0.003902,0.016382,0.05462,0.068139,,
2026-08-13 07:00:00,0.179236,0.188656,0.320365,0.1044,0.256486,0.223139,0.258003,0.214504,0.000646,0.061254,0.004002,0.016555,0.054653,0.068217,,
2026-08-13 08:00:00,0.178631,0.188524,0.319844,0.104023,0.256262,0.222595,0.257509,0.214479,0.000619,0.060451,0.004004,0.016667,0.054459,0.068097,,
2026-08-13 09:00:00,0.178124,0.18838,0.319164,0.103669,0.256101,0.222387,0.257177,0.214381,0.000602,0.059575,0.003944,0.016793,0.054397,0.06789,,
2026-08-13 10:00:00,0.176802,0.188276,0.318684,0.103265,0.255653,0.221953,0.256674,0.213939,0.000581,0.058423,0.003896,0.016829,0.054306,0.067655,,
2026-08-13 11:00:00,0.177105,0.188142,0.317985,0.102737,0.255528,0.221561,0.256172,0.213931,0.00058,0.057066,0.003854,0.016829,0.054166,0.067305,,
2026-08-13 12:00:00,0.176564,0.187979,0.317407,0.102074,0.255259,0.221586,0.255617,0.214021,0.000579,0.055475,0.003816,0.016829,0.054162,0.06698,,
2026-08-13 13:00:00,0.175089,0.187788,0.316928,0.101329,0.255125,0.221511,0.255116,0.214381,0.000566,0.054141,0.003761,0.016733,0.05405,0.066632,,
2026-08-13 14:00:00,0.175286,0.187582,0.31641,0.100918,0.255116,0.221453,0.254536,0.214512,0.000554,0.052998,0.00371,0.01669,0.053915,0.066149,,
2026-08-13 15:00:00,0.173817,0.187348,0.315356,0.100514,0.255027,0.221045,0.253911,0.214512,0.00054,0.052029,0.003662,0.016658,0.053792,0.065644,,
2026-08-13 16:00:00,0.174058,0.187161,0.31468,0.099853,0.254866,0.220954,0.25326,0.214512,0.00053,0.051153,0.003623,0.016635,0.053668,0.065011,,
2026-08-13 17:00:00,0.173464,0.186921,0.314303,0.099406,0.254795,0.220604,0.252646,0.214512,0.000512,0.05028,0.00359,0.01656,0.05357,0.064475,,
2026-08-13 18:00:00,0.172924,0.18665,0.314045,0.09861,0.254491,0.220388,0.252113,0.214512,0.000495,0.049694,0.003513,0.016557,0.053374,0.06391,,
2026-08-13 19:00:00,0.172538,0.18646,0.31349,0.097783,0.254152,0.219931,0.251784,0.214201,0.000476,0.049379,0.003402,0.016435,0.053137,0.063397,,
2026-08-13 20:00:00,0.17228,0.186304,0.312757,0.097297,0.253947,0.219956,0.2515,0.214021,0.000478,0.049544,0.003372,0.016405,0.052933,0.063174,,
2026-08-13 21:00:00,0.172104,0.186161,0.31254,0.097005,0.254027,0.219956,0.251278,0.213661,0.000494,0.049805,0.003387,0.016378,0.052848,0.063018,,
2026-08-13 22:00:00,0.171917,0.186078,0.312065,0.096812,0.253858,0.219956,0.251207,0.21353,0.000476,0.049805,0.003363,0.016283,0.052604,0.062939,,
2026-08-13 23:00:00,0.171837,0.185967,0.311235,0.096537,0.253474,0.21984,0.250826,0.21335,0.000448,0.049805,0.003301,0.016283,0.052308,0.062801,,
2026-08-14 00:00:00,0.17179,0.185914,0.310445,0.096295,0.25318,0.219832,0.250604,0.213039,0.000427,0.049745,0.003248,0.016288,0.052065,0.062504,,
2026-08-14 01:00:00,0.171756,0.185883,0.310041,0.096108,0.252931,0.219459,0.250286,0.21268,0.000413,0.049588,0.003189,0.016394,0.051916,0.06227,,
2026-08-14 02:00:00,0.170928,0.185865,0.309765,0.095779,0.252451,0.219351,0.249923,0.212419,0.000396,0.049552,0.003175,0.016419,0.051739,0.062146,,
2026-08-14 03:00:00,0.171752,0.185865,0.309618,0.095571,0.252193,0.219028,0.249728,0.21206,0.000395,0.049403,0.00313,0.016419,0.051711,0.062014,,
2026-08-14 04:00:00,0.171743,0.18577,0.309057,0.095265,0.2519,0.218953,0.249693,0.211775,0.000381,0.049175,0.00313,0.016428,0.051485,0.061944,,
2026-08-14 05:00:00,0.171742,0.185847,0.308998,0.094981,0.251536,0.218904,0.249321,0.211572,0.000415,0.04988,0.00301,0.016475,0.051473,0.061847,,
2026-08-14 06:00:00,0.170906,0.18586,0.308074,0.094605,0.251722,0.218961,0.249251,0.211563,0.00044,0.049596,0.003038,0.016576,0.051493,0.061895,,
2026-08-14 07:00:00,0.171587,0.185849,0.309519,0.094763,0.251908,0.218804,0.249056,0.211572,0.000451,0.048873,0.003129,0.016555,0.051477,0.061583,,
2026-08-14 08:00:00,0.171235,0.185713,0.309066,0.094562,0.251589,0.218432,0.248571,0.211572,0.000411,0.047973,0.003123,0.016544,0.051317,0.061144,,
2026-08-14 09:00:00,0.170141,0.185569,0.308683,0.094273,0.251314,0.218076,0.248174,0.211246,0.000364,0.04673,0.003116,0.016451,0.051237,0.060734,,
2026-08-14 10:00:00,0.170721,0.185498,0.308172,0.093796,0.250888,0.217878,0.247751,0.211083,0.000377,0.046374,0.003047,0.016371,0.051209,0.060285,,
2026-08-14 11:00:00,0.168754,0.185432,0.307445,0.09339,0.250728,0.217383,0.247293,0.211083,0.000359,0.045219,0.003037,0.016272,0.051069,0.059808,,
2026-08-14 12:00:00,0.16761,0.18531,0.307043,0.093022,0.250383,0.216871,0.246783,0.211083,0.000346,0.04386,0.003029,0.016114,0.051001,0.059424,,
2026-08-14 13:00:00,0.168924,0.185195,0.306719,0.092753,0.250294,0.216451,0.246273,0.211083,0.000345,0.042459,0.003004,0.015946,0.050997,0.059023,,
2026-08-14 14:00:00,0.169354,0.185029,0.306327,0.092279,0.250312,0.215826,0.245773,0.211083,0.000329,0.040945,0.002976,0.015734,0.050917,0.058496,,
2026-08-14 15:00:00,0.168945,0.184858,0.306239,0.091844,0.249896,0.214783,0.245141,0.211083,0.000349,0.040289,0.002862,0.015533,0.050753,0.057915,,
2026-08-14 16:00:00,0.168535,0.184685,0.305916,0.091437,0.24979,0.213513,0.24466,0.211124,0.000349,0.039188,0.002839,0.015342,0.050717,0.057388,,
2026-08-14 17:00:00,0.168121,0.184501,0.304684,0.091004,0.249728,0.212598,0.244039,0.211596,0.000336,0.038054,0.002818,0.015169,0.050518,0.056754,,
2026-08-14 18:00:00,0.166143,0.184287,0.299974,0.08996,0.246818,0.209865,0.241623,0.21158,0.0003,0.034974,0.002866,0.014221,0.050252,0.056371,,
2026-08-14 19:00:00,0.167384,0.1841,0.299441,0.089251,0.246519,0.208797,0.240519,0.211401,0.000288,0.034759,0.002746,0.013956,0.0499,0.055817,,
2026-08-14 20:00:00,0.168069,0.18394,0.299248,0.08876,0.246089,0.20769,0.240268,0.211083,0.000288,0.034858,0.00268,0.013817,0.049769,0.055475,,
2026-08-14 21:00:00,0.167938,0.183797,0.298735,0.088422,0.246071,0.20682,0.240728,0.210718,0.000287,0.035176,0.002728,0.013779,0.0496,0.055234,,
2026-08-14 22:00:00,0.167796,0.183726,0.297903,0.088023,0.245799,0.205614,0.24078,0.210377,0.000265,0.035369,0.002665,0.013684,0.049399,0.055084,,
2026-08-14 23:00:00,0.166945,0.183624,0.296948,0.087787,0.245475,0.20442,0.240242,0.210109,0.000248,0.035492,0.002596,0.013589,0.049238,0.054657,,
2026-08-15 00:00:00,0.167751,0.183541,0.296765,0.087441,0.245176,0.203294,0.239487,0.209695,0.000234,0.035586,0.002527,0.013554,0.048998,0.054351,,
2026-08-15 01:00:00,0.167786,0.183514,0.29635,0.087237,0.244756,0.201153,0.23921,0.209363,0.000223,0.035592,0.002468,0.013525,0.048861,0.054079,,
2026-08-15 02:00:00,0.167805,0.183534,0.295744,0.086908,0.244397,0.196364,0.238959,0.20895,0.000213,0.035592,0.002433,0.013459,0.04867,0.053796,,
2026-08-15 03:00:00,0.167012,0.183526,0.295301,0.08671,0.243995,0.193021,0.238441,0.208651,0.000202,0.035566,0.002419,0.013439,0.048545,0.053656,,
2026-08-15 04:00:00,0.167858,0.183539,0.295061,0.086392,0.243715,0.192035,0.238518,0.208336,0.000199,0.035469,0.00238,0.013439,0.048393,0.053529,,
2026-08-15 05:00:00,0.167056,0.183528,0.294561,0.08621,0.243453,0.191888,0.238259,0.208158,0.000199,0.035422,0.002361,0.013439,0.048393,0.053439,,
2026-08-15 06:00:00,0.167848,0.183522,0.294772,0.086226,0.243645,0.191911,0.238251,0.208166,0.000209,0.035256,0.002435,0.013439,0.048393,0.053431,,
2026-08-15 07:00:00,0.166002,0.183458,0.294474,0.086335,0.243733,0.191748,0.23819,0.208199,0.000205,0.034792,0.002429,0.013426,0.048393,0.053174,,
2026-08-15 08:00:00,0.167332,0.183291,0.29386,0.086132,0.243401,0.191191,0.237629,0.208166,0.000196,0.034142,0.002473,0.013287,0.048272,0.052713,,
2026-08-15 09:00:00,0.167144,0.183164,0.293582,0.085764,0.24313,0.190727,0.237155,0.20815,0.000184,0.033582,0.002452,0.013147,0.04816,0.052259,,
2026-08-15 10:00:00,0.166973,0.183071,0.29249,0.093883,0.243305,0.22958,0.237215,0.216962,0.002085,0.03291,0.011084,0.013108,0.095516,0.051872,,
2026-08-15 11:00:00,0.165954,0.208263,0.290922,0.126895,0.244021,0.273762,0.238078,0.247055,0.009571,0.032113,0.036608,0.013042,0.161404,0.051401,,
2026-08-15 12:00:00,0.16571,0.234335,0.290655,0.131911,0.243567,0.259029,0.237638,0.250055,0.009966,0.031472,0.03736,0.012889,0.148634,0.051009,,
2026-08-15 13:00:00,0.166316,0.225969,0.290359,0.132896,0.243514,0.254214,0.237301,0.251296,0.010233,0.030882,0.037627,0.012746,0.141756,0.050701,,
2026-08-15 14:00:00,0.166046,0.221671,0.29014,0.133245,0.243453,0.251944,0.237025,0.251962,0.010413,0.030401,0.037792,0.012611,0.136809,0.050407,,
2026-08-15 15:00:00,0.165769,0.218761,0.290035,0.133148,0.24341,0.249366,0.236689,0.252415,0.010525,0.029925,0.037682,0.012478,0.132871,0.050078,,
2026-08-15 16:00:00,0.165538,0.216543,0.289073,0.132626,0.243191,0.246581,0.236354,0.252451,0.010525,0.029355,0.037521,0.012336,0.129652,0.04971,,
2026-08-15 17:00:00,0.165332,0.214702,0.289149,0.131898,0.242799,0.245545,0.235632,0.252451,0.010474,0.028722,0.037124,0.012199,0.126832,0.049367,,
2026-08-15 18:00:00,0.164361,0.213066,0.289159,0.130961,0.24245,0.244852,0.235468,0.252451,0.010431,0.02831,0.036815,0.01209,0.124654,0.048947,,
2026-08-15 19:00:00,0.165016,0.211741,0.289949,0.130641,0.242215,0.244336,0.235022,0.252406,0.010469,0.028119,0.036601,0.011967,0.122774,0.048479,,
2026-08-15 20:00:00,0.164897,0.210641,0.288921,0.130117,0.241997,0.243977,0.234988,0.252193,0.010598,0.028339,0.036709,0.01185,0.121302,0.04821,,
2026-08-15 21:00:00,0.164778,0.209761,0.288835,0.129837,0.241971,0.243969,0.234782,0.251917,0.010711,0.028566,0.037008,0.01175,0.120048,0.048032,,
2026-08-15 22:00:00,0.164684,0.20892,0.288369,0.129461,0.241806,0.243873,0.234533,0.2519,0.010726,0.028713,0.037015,0.011656,0.118727,0.047726,,
2026-08-15 23:00:00,0.164657,0.208529,0.288056,0.129187,0.241501,0.243008,0.23443,0.251518,0.010751,0.028737,0.037008,0.01165,0.11776,0.047563,,
2026-08-16 00:00:00,0.164671,0.208154,0.28778,0.128691,0.241214,0.242877,0.234002,0.251225,0.010759,0.028788,0.037008,0.011656,0.116802,0.047498,,
2026-08-16 01:00:00,0.164712,0.207861,0.287391,0.128393,0.240893,0.242912,0.233899,0.251154,0.010816,0.028917,0.037032,0.011614,0.116047,0.04734,,
2026-08-16 02:00:00,0.164705,0.207603,0.289007,0.128336,0.240849,0.242546,0.234079,0.250693,0.010864,0.028926,0.037186,0.011545,0.115451,0.047121,,
2026-08-16 03:00:00,0.163871,0.207337,0.288759,0.128165,0.240649,0.242284,0.233685,0.250587,0.01091,0.028926,0.037213,0.011542,0.114935,0.047025,,
2026-08-16 04:00:00,0.163845,0.207102,0.288455,0.127899,0.240328,0.242162,0.233566,0.250693,0.010958,0.02892,0.037333,0.011536,0.114341,0.046979,,
2026-08-16 05:00:00,0.164622,0.206851,0.288379,0.127988,0.24025,0.242049,0.233608,0.250649,0.010978,0.028926,0.037415,0.011435,0.113935,0.046852,,
2026-08-16 06:00:00,0.164574,0.206602,0.288179,0.12838,0.240363,0.241719,0.233591,0.250737,0.011047,0.0288,0.037442,0.011473,0.113786,0.046779,,
2026-08-16 07:00:00,0.164421,0.206369,0.28797,0.128438,0.240441,0.241701,0.233284,0.250861,0.011023,0.028342,0.037339,0.01143,0.113511,0.04663,,
2026-08-16 08:00:00,0.164176,0.205928,0.28668,0.127526,0.240276,0.241205,0.232993,0.250844,0.010923,0.027968,0.036988,0.011365,0.11313,0.046287,,
2026-08-16 09:00:00,0.164039,0.205422,0.285885,0.1268,0.239825,0.240754,0.232481,0.250631,0.01077,0.027382,0.036327,0.011264,0.112601,0.045975,,
2026-08-16 10:00:00,0.163933,0.204942,0.285781,0.1258,0.239531,0.240233,0.232029,0.250286,0.010611,0.026473,0.035469,0.011168,0.112304,0.0456,,
2026-08-16 11:00:00,0.163754,0.204407,0.285733,0.124504,0.239262,0.239851,0.231415,0.250206,0.010436,0.02525,0.034391,0.011017,0.11209,0.045362,,
2026-08-16 12:00:00,0.163568,0.203818,0.285554,0.123501,0.23876,0.238951,0.230888,0.249843,0.010203,0.023992,0.03329,0.010792,0.111854,0.045122,,
2026-08-16 13:00:00,0.162502,0.202919,0.285119,0.122693,0.238518,0.238294,0.230259,0.24979,0.009968,0.022903,0.032163,0.010547,0.111369,0.044863,,
2026-08-16 14:00:00,0.161418,0.202363,0.28475,0.12137,0.238216,0.237776,0.229707,0.249383,0.009754,0.022096,0.031078,0.010316,0.110956,0.044526,,
2026-08-16 15:00:00,0.162763,0.201519,0.284344,0.11992,0.237957,0.238181,0.229105,0.249277,0.009559,0.021383,0.030051,0.010135,0.110543,0.044105,,
2026-08-16 16:00:00,0.161714,0.200953,0.283976,0.118283,0.237732,0.238069,0.228496,0.248968,0.009388,0.020754,0.029119,0.009982,0.110249,0.043738,,
2026-08-16 17:00:00,0.160674,0.200177,0.283477,0.116845,0.237474,0.23756,0.227828,0.248738,0.009191,0.020134,0.028158,0.009847,0.109762,0.043309,,
2026-08-16 18:00:00,0.161258,0.199535,0.282375,0.115541,0.236776,0.236888,0.227271,0.248765,0.009013,0.019749,0.027175,0.009705,0.109089,0.042854,,
2026-08-16 19:00:00,0.161151,0.19909,0.281595,0.114563,0.236328,0.236715,0.226942,0.248386,0.008933,0.019752,0.02643,0.009523,0.108459,0.042292,,
2026-08-16 20:00:00,0.161893,0.19867,0.28152,0.113219,0.236165,0.236689,0.226832,0.248068,0.009,0.020147,0.026189,0.009454,0.108127,0.042204,,
2026-08-16 21:00:00,0.161769,0.198385,0.28137,0.11244,0.236371,0.236698,0.22663,0.247786,0.009067,0.020543,0.026442,0.00934,0.107975,0.042284,,
2026-08-16 22:00:00,0.161641,0.198106,0.28091,0.111942,0.236199,0.236698,0.22647,0.247672,0.009034,0.020645,0.026439,0.009257,0.107499,0.042095,,
2026-08-16 23:00:00,0.161579,0.197798,0.280498,0.111747,0.235915,0.236629,0.226419,0.247522,0.008966,0.020751,0.02645,0.009169,0.107053,0.041726,,
2026-08-17 00:00:00,0.160761,0.197751,0.280329,0.111451,0.235597,0.236104,0.226108,0.247091,0.00896,0.020777,0.026462,0.009167,0.106653,0.041513,,
2026-08-17 01:00:00,0.161572,0.197677,0.280001,0.111038,0.235219,0.235752,0.225965,0.246985,0.008953,0.020884,0.0266,0.009158,0.106307,0.04139,,
2026-08-17 02:00:00,0.161571,0.197632,0.279786,0.110543,0.234988,0.235503,0.22583,0.246598,0.008958,0.020907,0.026678,0.009069,0.106001,0.04125,,
2026-08-17 03:00:00,0.161579,0.197593,0.27943,0.110585,0.234713,0.235468,0.225511,0.246264,0.008925,0.020907,0.026791,0.009067,0.105662,0.041031,,
2026-08-17 04:00:00,0.160801,0.197541,0.279271,0.110173,0.234533,0.235039,0.225469,0.246018,0.00894,0.020907,0.026858,0.009062,0.105374,0.040956,,
2026-08-17 05:00:00,0.160801,0.19751,0.279112,0.110085,0.234293,0.234833,0.225435,0.246001,0.008946,0.02091,0.026974,0.008971,0.105265,0.040784,,
2026-08-17 06:00:00,0.161562,0.197451,0.27871,0.109874,0.234388,0.234868,0.225385,0.246045,0.008971,0.020982,0.027128,0.009034,0.105248,0.040634,,
2026-08-17 07:00:00,0.161419,0.197292,0.278701,0.109762,0.234636,0.235022,0.225116,0.246018,0.008918,0.020739,0.027035,0.009042,0.105363,0.040755,,
2026-08-17 08:00:00,0.160352,0.197159,0.278243,0.109434,0.234473,0.234568,0.224956,0.245913,0.00877,0.020457,0.026646,0.008963,0.105231,0.040488,,
2026-08-17 09:00:00,0.161009,0.196893,0.278187,0.108955,0.234156,0.234302,0.224529,0.246062,0.008625,0.020134,0.026152,0.008874,0.104949,0.040306,,
2026-08-17 10:00:00,0.160095,0.196641,0.27826,0.108803,0.232818,0.236656,0.223596,0.24723,0.008525,0.020332,0.025882,0.00884,0.104657,0.040115,,
2026-08-17 11:00:00,0.160732,0.196573,0.278785,0.108575,0.230871,0.237267,0.221861,0.248624,0.008466,0.02053,0.025034,0.009035,0.104646,0.04052,,
2026-08-17 12:00:00,0.159734,0.196108,0.278253,0.108109,0.231032,0.237431,0.222487,0.248121,0.008262,0.019585,0.023937,0.008923,0.104526,0.040434,,
2026-08-17 13:00:00,0.159998,0.195861,0.278159,0.107621,0.231049,0.238856,0.222846,0.247003,0.008015,0.01876,0.022788,0.008748,0.104331,0.042558,,
2026-08-17 14:00:00,0.158674,0.195531,0.278001,0.106786,0.231049,0.23851,0.22227,0.246704,0.007797,0.01808,0.021752,0.008593,0.10432,0.061904,,
2026-08-17 15:00:00,0.159141,0.195089,0.27773,0.106318,0.231007,0.236302,0.221578,0.246229,0.007588,0.017506,0.020754,0.008424,0.104257,0.090833,,
2026-08-17 16:00:00,0.158842,0.194624,0.227304,0.07823,0.230896,0.23443,0.221037,0.246308,0.00738,0.016949,0.019779,0.008301,0.072365,0.013888,,
2026-08-17 17:00:00,0.158576,0.194207,0.136776,0.038574,0.230573,0.232737,0.220388,0.246317,0.00718,0.016432,0.018808,0.008187,0.027429,,,
2026-08-17 18:00:00,0.158336,0.193758,0.028935,0.001636,0.230081,0.231867,0.219849,0.246932,0.006985,0.016107,0.017881,0.008026,4e-06,,,
2026-08-17 19:00:00,0.158233,0.193385,0.002233,,0.22958,0.231007,0.21945,0.247091,0.006844,0.016029,0.017143,0.007855,,,,
2026-08-17 20:00:00,0.158192,0.193107,9e-06,,0.229029,0.230658,0.219285,0.246756,0.006792,0.016247,0.016653,0.007734,,,,
2026-08-17 21:00:00,0.158129,0.192891,0.001432,,0.229004,0.231628,0.219334,0.246633,0.006805,0.016598,0.016544,0.007698,,,,
2026-08-17 22:00:00,0.157985,0.192712,,,0.228953,0.232071,0.218796,0.246616,0.006776,0.016807,0.016382,0.007591,,,,
2026-08-17 23:00:00,0.157925,0.192542,,,0.228817,0.232071,0.218473,0.246256,0.006703,0.016825,0.016258,0.00752,,,,
2026-08-18 00:00:00,0.157917,0.192412,,,0.228386,0.232071,0.218291,0.246054,0.006629,0.016811,0.016213,0.007477,,,,
2026-08-18 01:00:00,0.157164,0.192357,,,0.227929,0.231858,0.217969,0.245571,0.006605,0.016818,0.016148,0.00743,,,,
2026-08-18 02:00:00,0.157959,0.192218,,,0.22749,0.232054,0.217845,0.245176,0.0066,0.016829,0.016148,0.00743,,,,
2026-08-18 03:00:00,0.157966,0.19222,,,0.227203,0.232037,0.21744,0.244922,0.006592,0.016846,0.016143,0.00743,,,,
2026-08-18 04:00:00,0.157169,0.192295,,,0.226883,0.232242,0.217374,0.244511,0.006589,0.01685,0.016139,0.007415,,,,
2026-08-18 05:00:00,0.157964,0.192298,,,0.226461,0.232532,0.216962,0.244231,0.006596,0.016841,0.016148,0.007345,,,,
2026-08-18 06:00:00,0.157971,0.192275,,,0.226613,0.232523,0.216978,0.243986,0.006638,0.016963,0.016231,0.007413,,,,
2026-08-18 07:00:00,0.157849,0.192257,,,0.226874,0.232583,0.216912,0.244178,0.006612,0.016797,0.016202,0.00743,,,,
2026-08-18 08:00:00,0.157627,0.192093,,,0.226529,0.232523,0.21669,0.244004,0.006507,0.016505,0.01585,0.007368,,,,
2026-08-18 09:00:00,0.157515,0.191886,,,0.226192,0.232302,0.216254,0.243986,0.006377,0.016134,0.015333,0.007312,,,,
2026-08-18 10:00:00,0.157404,0.19175,,,0.225822,0.231782,0.215793,0.243628,0.006253,0.015425,0.014666,0.007242,,,,
2026-08-18 11:00:00,0.157255,0.191569,,,0.225444,0.2315,0.215481,0.243462,0.006097,0.014736,0.013973,0.007112,,,,
2026-08-18 12:00:00,0.157104,0.191362,,,0.225318,0.231041,0.215037,0.243462,0.005888,0.014011,0.0132,0.006959,,,,
2026-08-18 13:00:00,0.156907,0.19111,,,0.22525,0.230828,0.214988,0.243462,0.005679,0.013422,0.012569,0.006832,,,,
2026-08-18 14:00:00,0.15585,0.190811,,,0.225082,0.230403,0.214537,0.243462,0.005503,0.013001,0.01195,0.006681,,,,
2026-08-18 15:00:00,0.156388,0.190507,,,0.224906,0.229885,0.214004,0.243183,0.005324,0.012569,0.011315,0.006537,,,,
2026-08-18 16:00:00,0.156176,0.190192,,,0.224738,0.229504,0.213702,0.242938,0.005161,0.012181,0.010766,0.006458,,,,
2026-08-18 17:00:00,0.155956,0.189887,,,0.224545,0.229021,0.213195,0.242938,0.005026,0.011877,0.010237,0.006381,,,,
2026-08-18 18:00:00,0.155755,0.189553,,,0.224218,0.228868,0.212745,0.242938,0.004874,0.01166,0.009736,0.00627,,,,
2026-08-18 19:00:00,0.155667,0.189291,,,0.223632,0.228225,0.212305,0.242563,0.004737,0.011639,0.009265,0.006083,,,,
2026-08-18 20:00:00,0.155664,0.189087,,,0.223364,0.228183,0.21206,0.242041,0.004697,0.011823,0.008956,0.005971,,,,
2026-08-18 21:00:00,0.154825,0.188938,,,0.223373,0.228504,0.212077,0.241893,0.004686,0.012086,0.008846,0.005897,,,,
2026-08-18 22:00:00,0.154716,0.188768,,,0.223088,0.228496,0.211954,0.241492,0.004583,0.012119,0.008694,0.005812,,,,
2026-08-18 23:00:00,0.155467,0.188614,,,0.222754,0.228504,0.211588,0.241197,0.004473,0.012123,0.008516,0.005741,,,,
2026-08-19 00:00:00,0.155493,0.188525,,,0.222203,0.228673,0.211246,0.240788,0.00441,0.012148,0.008388,0.005713,,,,
2026-08-19 01:00:00,0.155518,0.188459,,,0.221811,0.228741,0.211083,0.240337,0.004349,0.012119,0.008318,0.005705,,,,
2026-08-19 02:00:00,0.154712,0.188411,,,0.221386,0.228733,0.210742,0.239869,0.004293,0.012125,0.008246,0.005633,,,,
2026-08-19 03:00:00,0.155522,0.18837,,,0.22087,0.228775,0.21045,0.23947,0.004268,0.012115,0.00818,0.005633,,,,
2026-08-19 04:00:00,0.15556,0.188367,,,0.22048,0.228547,0.209987,0.23902,0.004239,0.012111,0.008094,0.005561,,,,
2026-08-19 05:00:00,0.155621,0.18836,,,0.220098,0.228234,0.209622,0.238665,0.004221,0.012109,0.008065,0.005553,,,,
2026-08-19 06:00:00,0.154852,0.188332,,,0.220023,0.228327,0.209614,0.23813,0.004259,0.012183,0.00808,0.005606,,,,
2026-08-19 07:00:00,0.155528,0.188325,,,0.220413,0.228428,0.209622,0.238691,0.00431,0.012203,0.008171,0.005638,,,,
2026-08-19 08:00:00,0.154471,0.188002,,,0.220322,0.228149,0.209525,0.238769,0.004218,0.01196,0.008061,0.005633,,,,
2026-08-19 09:00:00,0.155098,0.187914,,,0.219973,0.227617,0.209112,0.238544,0.004109,0.011625,0.007807,0.005562,,,,
2026-08-19 11:00:00,0.154877,0.187719,,,0.219442,0.227718,0.207634,0.240181,0.003776,0.009325,0.007163,0.005109,,,,
2026-08-19 12:00:00,0.153966,0.187465,,,0.219243,0.227372,0.207247,0.239678,0.003654,0.008869,0.006776,0.005006,,,,
2026-08-19 13:00:00,0.154601,0.187385,,,0.218978,0.226984,0.206997,0.239782,0.003522,0.008454,0.006516,0.004906,,,,
2026-08-19 14:00:00,0.154412,0.187179,,,0.218953,0.226739,0.206699,0.239773,0.003418,0.008183,0.00625,0.004814,,,,
2026-08-19 15:00:00,0.154195,0.186942,,,0.218912,0.22647,0.206386,0.239895,0.003329,0.007913,0.006015,0.004735,,,,
2026-08-19 16:00:00,0.153992,0.186576,,,0.218713,0.225973,0.205984,0.239635,0.003206,0.007569,0.005746,0.004651,,,,
2026-08-19 17:00:00,0.153835,0.1864,,,0.245606,0.226268,0.222796,0.240059,0.003084,0.011172,0.005785,0.005186,,,,
2026-08-19 18:00:00,0.177357,0.186126,,,0.252033,0.225881,0.240311,0.239583,0.002984,0.017418,0.005671,0.005373,,,,
2026-08-19 19:00:00,0.184607,0.185904,,,0.249648,0.225729,0.241727,0.239254,0.002898,0.020805,0.005401,0.005198,,,,
2026-08-19 20:00:00,0.182123,0.185736,,,0.248774,0.225603,0.242311,0.23883,0.002867,0.023171,0.005244,0.005076,,,,
2026-08-19 21:00:00,0.179836,0.185604,,,0.24873,0.225973,0.242903,0.238769,0.002867,0.024897,0.005241,0.005005,,,,
2026-08-19 22:00:00,0.179637,0.185404,,,0.248615,0.225948,0.242877,0.23857,0.00279,0.026218,0.005156,0.00493,,,,
2026-08-19 23:00:00,0.177969,0.185262,,,0.2482,0.225477,0.242799,0.238251,0.00271,0.027283,0.005048,0.004855,,,,
2026-08-20 00:00:00,0.177408,0.185157,,,0.247821,0.225469,0.242555,0.237991,0.002636,0.028137,0.004948,0.004792,,,,
2026-08-20 01:00:00,0.177813,0.185095,,,0.247355,0.225292,0.242406,0.237681,0.002585,0.028833,0.004855,0.004754,,,,
2026-08-20 02:00:00,0.17662,0.185053,,,0.247082,0.224965,0.242372,0.237215,0.002564,0.029422,0.00479,0.004717,,,,
2026-08-20 03:00:00,0.177179,0.18498,,,0.246633,0.224965,0.242128,0.236956,0.002555,0.029992,0.004789,0.004717,,,,
2026-08-20 04:00:00,0.176929,0.184952,,,0.246361,0.224965,0.242093,0.236698,0.002529,0.030454,0.004787,0.004717,,,,
2026-08-20 05:00:00,0.17581,0.184919,,,0.246071,0.224906,0.241893,0.236337,0.002514,0.030844,0.004756,0.004717,,,,
2026-08-20 06:00:00,0.176457,0.184875,,,0.246062,0.224856,0.241875,0.236182,0.00254,0.031122,0.004777,0.004762,,,,
2026-08-20 07:00:00,0.176141,0.184858,,,0.246308,0.224914,0.24164,0.236466,0.002555,0.031315,0.004864,0.004793,,,,
2026-08-20 08:00:00,0.175531,0.18474,,,0.246036,0.224403,0.241284,0.236689,0.002483,0.031171,0.004831,0.00479,,,,
2026-08-20 09:00:00,0.175012,0.184609,,,0.245632,0.223942,0.240797,0.236603,0.002426,0.030782,0.004699,0.00479,,,,
2026-08-20 10:00:00,0.174497,0.184471,,,0.245492,0.22349,0.240302,0.236689,0.0024,0.030106,0.004578,0.00479,,,,
2026-08-20 11:00:00,0.173921,0.184356,,,0.245045,0.223139,0.239765,0.2365,0.00236,0.029455,0.004475,0.004757,,,,
2026-08-20 12:00:00,0.173287,0.184251,,,0.244914,0.222788,0.239297,0.236457,0.002278,0.028779,0.004332,0.004715,,,,
2026-08-20 13:00:00,0.172603,0.184101,,,0.244949,0.222353,0.238856,0.236836,0.002209,0.02814,0.004226,0.004649,,,,
2026-08-20 14:00:00,0.171007,0.183915,,,0.244633,0.22197,0.238371,0.237163,0.00214,0.027649,0.004121,0.004587,,,,
2026-08-20 15:00:00,0.171098,0.183701,,,0.244476,0.22152,0.237853,0.237172,0.00207,0.027175,0.003987,0.004524,,,,
2026-08-20 16:00:00,0.170421,0.183499,,,0.244406,0.22097,0.237396,0.237112,0.002018,0.026759,0.003897,0.004501,,,,
2026-08-20 17:00:00,0.168953,0.183316,,,0.244187,0.220571,0.236776,0.237146,0.001967,0.026381,0.003765,0.004494,,,,
2026-08-20 18:00:00,0.169209,0.183043,,,0.243768,0.220313,0.236156,0.23687,0.001892,0.026169,0.003612,0.004412,,,,
2026-08-20 19:00:00,0.168863,0.182936,,,0.24327,0.219973,0.235692,0.2365,0.001823,0.02612,0.00344,0.004251,,,,
2026-08-20 20:00:00,0.168713,0.182847,,,0.242694,0.219608,0.235511,0.235924,0.001782,0.026275,0.003331,0.004149,,,,
2026-08-20 21:00:00,0.16867,0.182775,,,0.242703,0.219625,0.235297,0.235666,0.001821,0.02669,0.00331,0.0041,,,,
2026-08-20 22:00:00,0.167723,0.182717,,,0.242398,0.219799,0.235151,0.235666,0.00178,0.0268,0.003299,0.004079,,,,
2026-08-20 23:00:00,0.168441,0.182579,,,0.242049,0.219741,0.234971,0.235254,0.001726,0.026846,0.003234,0.004023,,,,
2026-08-21 00:00:00,0.167582,0.18245,,,0.241614,0.219716,0.234636,0.235099,0.001668,0.026814,0.003182,0.004016,,,,
2026-08-21 01:00:00,0.167568,0.182458,,,0.241249,0.219716,0.234628,0.23455,0.001624,0.0268,0.003124,0.003995,,,,
2026-08-21 02:00:00,0.168424,0.18243,,,0.240736,0.219326,0.234199,0.234079,0.001587,0.026829,0.003069,0.003949,,,,
2026-08-21 03:00:00,0.168449,0.182406,,,0.240216,0.218986,0.234071,0.233694,0.001564,0.0268,0.00302,0.003949,,,,
2026-08-21 04:00:00,0.168464,0.182301,,,0.239687,0.218961,0.233891,0.233249,0.001538,0.0268,0.003005,0.003949,,,,
2026-08-21 05:00:00,0.168464,0.18235,,,0.239358,0.218639,0.233643,0.232728,0.001541,0.0268,0.002985,0.003959,,,,
2026-08-21 06:00:00,0.168475,0.182326,,,0.23934,0.218506,0.233608,0.232728,0.001563,0.026661,0.003018,0.004051,,,,
2026-08-21 07:00:00,0.167535,0.182298,,,0.239609,0.218738,0.233497,0.232942,0.001557,0.026399,0.003102,0.004084,,,,
2026-08-21 08:00:00,0.168056,0.182177,,,0.239358,0.218498,0.233104,0.232805,0.001522,0.02606,0.003103,0.004084,,,,
2026-08-21 09:00:00,0.167761,0.182093,,,0.238916,0.217985,0.232762,0.232814,0.001482,0.025583,0.003056,0.004084,,,,
2026-08-21 10:00:00,0.167506,0.181959,,,0.238596,0.217515,0.232319,0.232464,0.001433,0.025003,0.002993,0.00408,,,,
2026-08-21 11:00:00,0.166393,0.181884,,,0.238216,0.217407,0.231892,0.232319,0.001398,0.024214,0.002929,0.004033,,,,
2026-08-21 12:00:00,0.166893,0.181813,,,0.237819,0.217044,0.231449,0.232122,0.001358,0.023618,0.002858,0.003968,,,,
2026-08-21 13:00:00,0.165761,0.181736,,,0.237724,0.217242,0.232003,0.231884,0.001336,0.023204,0.002868,0.003949,,,,
2026-08-21 14:00:00,0.166256,0.181658,,,0.237724,0.217795,0.231722,0.231381,0.001305,0.022801,0.002807,0.003915,,,,
2026-08-21 15:00:00,0.165095,0.181582,,,0.237215,0.21716,0.231126,0.230361,0.001264,0.02236,0.002715,0.003882,,,,
2026-08-21 16:00:00,0.164798,0.181445,,,0.237215,0.217267,0.23076,0.230199,0.001213,0.021794,0.002637,0.00382,,,,
2026-08-21 17:00:00,0.164534,0.181306,,,0.236741,0.217457,0.230361,0.22997,0.001154,0.021174,0.002548,0.003817,,,,
2026-08-21 18:00:00,0.165076,0.181229,,,0.236707,0.216954,0.2298,0.229826,0.001116,0.020645,0.002474,0.003805,,,,
2026-08-21 19:00:00,0.164017,0.181128,,,0.236629,0.216978,0.229444,0.230047,0.001087,0.020421,0.00241,0.003724,,,,
2026-08-21 20:00:00,0.164674,0.181033,,,0.236182,0.21669,0.22947,0.229326,0.001086,0.020485,0.002385,0.003672,,,,
2026-08-21 21:00:00,0.163741,0.180961,,,0.236182,0.216673,0.229021,0.229207,0.001091,0.020744,0.002396,0.003622,,,,
2026-08-21 22:00:00,0.163607,0.180805,,,0.236182,0.216682,0.228995,0.22891,0.001046,0.020754,0.002333,0.003559,,,,
2026-08-21 23:00:00,0.164396,0.180726,,,0.2357,0.216583,0.228606,0.228699,0.001007,0.020754,0.002281,0.003524,,,,
2026-08-22 00:00:00,0.1644,0.180707,,,0.23546,0.216212,0.228504,0.228504,0.000983,0.020754,0.002251,0.003496,,,,
2026-08-22 01:00:00,0.164396,0.180668,,,0.235151,0.216007,0.228479,0.228183,0.00096,0.020754,0.002219,0.003496,,,,
2026-08-22 02:00:00,0.164437,0.180621,,,0.234756,0.215711,0.228428,0.227938,0.000929,0.020754,0.002202,0.003496,,,,
2026-08-22 03:00:00,0.164462,0.180594,,,0.234636,0.215637,0.227997,0.227651,0.000929,0.020754,0.002201,0.003496,,,,
2026-08-22 04:00:00,0.164441,0.180575,,,0.23455,0.215702,0.227997,0.227617,0.000929,0.020754,0.002202,0.003496,,,,
2026-08-22 05:00:00,0.1644,0.180521,,,0.234131,0.215678,0.227845,0.227237,0.000915,0.020754,0.002182,0.003491,,,,
2026-08-22 06:00:00,0.163575,0.180432,,,0.234122,0.21539,0.227532,0.227229,0.000904,0.020718,0.002163,0.003499,,,,
2026-08-22 07:00:00,0.164362,0.180443,,,0.234122,0.215431,0.227541,0.227296,0.000924,0.020477,0.002243,0.003559,,,,
2026-08-22 08:00:00,0.163237,0.18035,,,0.233891,0.21498,0.227237,0.227465,0.000881,0.020001,0.002264,0.003544,,,,
2026-08-22 09:00:00,0.163782,0.18023,,,0.233455,0.214152,0.226689,0.227304,0.000827,0.019351,0.002183,0.003498,,,,
2026-08-22 10:00:00,0.163598,0.180157,,,0.233078,0.213628,0.226276,0.226984,0.000801,0.018884,0.002121,0.003482,,,,
2026-08-22 11:00:00,0.162608,0.180119,,,0.232643,0.212982,0.225914,0.226739,0.000769,0.018206,0.002056,0.003466,,,,
2026-08-22 12:00:00,0.163205,0.180032,,,0.232412,0.212778,0.225385,0.22631,0.000746,0.017453,0.001996,0.003434,,,,
2026-08-22 13:00:00,0.162924,0.179899,,,0.232063,0.212256,0.224948,0.2262,0.000719,0.016678,0.001948,0.003388,,,,
2026-08-22 14:00:00,0.162639,0.179853,,,0.231756,0.217094,0.224436,0.226655,0.000706,0.015944,0.002383,0.003325,,,,
2026-08-22 15:00:00,0.162363,0.185131,,,0.231049,0.308388,0.223967,0.266303,0.003367,0.015215,0.039405,0.003318,,,,
2026-08-22 16:00:00,0.162038,0.235059,,,0.231041,0.281699,0.223883,0.274364,0.00695,0.014627,0.043608,0.003327,,,,
2026-08-22 17:00:00,0.161733,0.223189,,,0.230582,0.276649,0.223456,0.276193,0.008588,0.014211,0.044597,0.003298,,,,
2026-08-22 18:00:00,0.161519,0.218032,,,0.230098,0.274642,0.223088,0.276751,0.009459,0.014067,0.044758,0.003231,,,,
2026-08-22 19:00:00,0.160581,0.214506,,,0.230013,0.273502,0.222879,0.276724,0.010087,0.01424,0.044986,0.003164,,,,
2026-08-22 20:00:00,0.160467,0.212195,,,0.229987,0.272753,0.222462,0.277003,0.010669,0.014559,0.045317,0.003119,,,,
2026-08-22 21:00:00,0.161112,0.210222,,,0.23003,0.271654,0.222495,0.277208,0.011185,0.014913,0.045759,0.003059,,,,
2026-08-22 22:00:00,0.161007,0.208901,,,0.229996,0.271009,0.222445,0.277562,0.011564,0.015063,0.046036,0.003012,,,,
2026-08-22 23:00:00,0.160967,0.207738,,,0.229724,0.270889,0.222136,0.278561,0.0119,0.015211,0.046283,0.002986,,,,
2026-08-23 00:00:00,0.160924,0.206812,,,0.229504,0.270843,0.221861,0.279149,0.012164,0.015243,0.046512,0.002954,,,,
2026-08-23 01:00:00,0.160889,0.206077,,,0.229461,0.271488,0.221661,0.278962,0.012403,0.015344,0.046623,0.002953,,,,
2026-08-23 02:00:00,0.160886,0.205436,,,0.229054,0.27147,0.221461,0.279271,0.012619,0.015348,0.046768,0.002917,,,,
2026-08-23 03:00:00,0.160094,0.20491,,,0.228927,0.271129,0.221445,0.278972,0.012826,0.015388,0.046948,0.002897,,,,
2026-08-23 04:00:00,0.160875,0.204439,,,0.228809,0.271092,0.221436,0.27871,0.013015,0.01548,0.047082,0.002897,,,,
2026-08-23 05:00:00,0.160843,0.203872,,,0.22853,0.270843,0.221178,0.278663,0.013177,0.01548,0.047232,0.002897,,,,
2026-08-23 06:00:00,0.160822,0.203477,,,0.228572,0.270539,0.221078,0.278682,0.013361,0.015491,0.047332,0.002929,,,,
2026-08-23 07:00:00,0.160709,0.203174,,,0.228563,0.269721,0.220845,0.278663,0.013439,0.015421,0.047267,0.002955,,,,
2026-08-23 08:00:00,0.160463,0.202643,,,0.228369,0.269197,0.220421,0.278617,0.013439,0.015158,0.04681,0.002954,,,,
2026-08-23 09:00:00,0.160314,0.202096,,,0.228031,0.2685,0.220247,0.278112,0.013408,0.014827,0.046116,0.002954,,,,
2026-08-23 10:00:00,0.160152,0.201587,,,0.22771,0.26784,0.219741,0.277823,0.013316,0.014444,0.045234,0.002911,,,,
2026-08-23 11:00:00,0.159979,0.201049,,,0.227338,0.267245,0.21945,0.277571,0.013222,0.013948,0.044179,0.002901,,,,
2026-08-23 12:00:00,0.159806,0.200386,,,0.227026,0.266586,0.219011,0.277152,0.013181,0.01363,0.043254,0.002863,,,,
2026-08-23 13:00:00,0.159578,0.199921,,,0.226933,0.265984,0.218837,0.277012,0.013042,0.013179,0.042222,0.00284,,,,
2026-08-23 14:00:00,0.159324,0.199227,,,0.226571,0.265163,0.218399,0.2765,0.012848,0.01269,0.040984,0.002795,,,,
2026-08-23 15:00:00,0.159071,0.198763,,,0.226335,0.264589,0.217977,0.276128,0.012655,0.012228,0.039669,0.002782,,,,
2026-08-23 16:00:00,0.15887,0.198189,,,0.225973,0.263907,0.217531,0.275914,0.012425,0.011769,0.038303,0.002775,,,,
2026-08-23 17:00:00,0.158659,0.197643,,,0.225713,0.26328,0.217234,0.275468,0.012252,0.011394,0.037029,0.002754,,,,
2026-08-23 18:00:00,0.157692,0.196991,,,0.225326,0.262789,0.216838,0.275134,0.012125,0.011266,0.036011,0.002703,,,,
2026-08-23 19:00:00,0.158357,0.196627,,,0.225024,0.262418,0.216509,0.2748,0.012119,0.011394,0.035542,0.002602,,,,
2026-08-23 20:00:00,0.15828,0.196227,,,0.225099,0.26239,0.21669,0.274753,0.01223,0.011709,0.035646,0.002562,,,,
2026-08-23 21:00:00,0.15735,0.1958,,,0.22525,0.262409,0.216575,0.274735,0.012309,0.011962,0.036139,0.002493,,,,
2026-08-23 22:00:00,0.158014,0.195578,,,0.225175,0.262454,0.216484,0.274271,0.01226,0.012002,0.036391,0.002437,,,,
2026-08-23 23:00:00,0.157982,0.195297,,,0.224948,0.262363,0.216319,0.274243,0.012236,0.012002,0.036564,0.002405,,,,
2026-08-24 00:00:00,0.157968,0.195085,,,0.224638,0.262064,0.216007,0.274077,0.012236,0.012084,0.036703,0.002361,,,,
2026-08-24 01:00:00,0.157191,0.194928,,,0.224378,0.261946,0.215933,0.273706,0.012218,0.012119,0.036825,0.002352,,,,
2026-08-24 02:00:00,0.157991,0.194696,,,0.224202,0.26182,0.215842,0.273688,0.012183,0.012119,0.037002,0.002315,,,,
2026-08-24 03:00:00,0.158007,0.194706,,,0.223917,0.261838,0.215513,0.273132,0.012125,0.012593,0.036412,0.002362,,,,
2026-08-24 04:00:00,0.158025,0.194615,,,0.223666,0.261802,0.21539,0.273114,0.012113,0.012903,0.035994,0.002371,,,,
2026-08-24 05:00:00,0.15803,0.19443,,,0.223406,0.261494,0.215103,0.272661,0.012092,0.012876,0.035994,0.002354,,,,
2026-08-24 06:00:00,0.158069,0.194441,,,0.223323,0.261331,0.214996,0.272522,0.012099,0.012925,0.035994,0.002377,,,,
2026-08-24 07:00:00,0.158024,0.194307,,,0.223456,0.260996,0.215013,0.272578,0.012066,0.012643,0.036297,0.002393,,,,
2026-08-24 08:00:00,0.15768,0.19403,,,0.223406,0.26068,0.214865,0.272578,0.011834,0.011946,0.036223,0.002355,,,,
2026-08-24 09:00:00,0.157468,0.193869,,,0.222988,0.260093,0.214496,0.272208,0.011589,0.011555,0.034944,0.002346,,,,
2026-08-24 10:00:00,0.157316,0.193631,,,0.222804,0.259353,0.214094,0.272023,0.011296,0.011038,0.033171,0.002311,,,,
2026-08-24 11:00:00,0.157091,0.193343,,,0.224168,0.255787,0.213513,0.272393,0.010995,0.010971,0.03129,0.002355,,,,
2026-08-24 12:00:00,0.156044,0.193035,,,0.224478,0.254357,0.213317,0.272568,0.010632,0.010511,0.029516,0.00232,,,,
2026-08-24 13:00:00,0.156589,0.19269,,,0.224503,0.253706,0.212999,0.272171,0.010346,0.010121,0.027764,0.002303,,,,
2026-08-24 14:00:00,0.155454,0.192305,,,0.224026,0.265081,0.212696,0.272578,0.010073,0.009968,0.025943,0.002277,,,,
2026-08-24 15:00:00,0.155882,0.191779,,,0.222729,0.277096,0.211971,0.272088,0.009808,0.009972,0.023918,0.002247,,,,
2026-08-24 16:00:00,0.155921,0.190685,,,0.222946,0.244651,0.211612,0.270613,0.009542,0.009698,0.022418,0.002252,,,,
2026-08-24 17:00:00,0.155601,0.19035,,,0.222746,0.241197,0.211205,0.270052,0.009286,0.009483,0.021051,0.002252,,,,
2026-08-24 18:00:00,0.155365,0.189908,,,0.22242,0.241266,0.210831,0.269601,0.009057,0.009373,0.019849,0.002208,,,,
2026-08-24 19:00:00,0.155255,0.189549,,,0.22177,0.242354,0.210271,0.268784,0.008894,0.009373,0.018891,0.002097,,,,
2026-08-24 20:00:00,0.155287,0.189316,,,0.221303,0.240485,0.210093,0.267986,0.008866,0.009474,0.018333,0.002012,,,,
2026-08-24 21:00:00,0.155322,0.189064,,,0.221395,0.239652,0.209841,0.26729,0.008966,0.009757,0.018254,0.001985,,,,
2026-08-24 22:00:00,0.155205,0.189005,,,0.22137,0.241945,0.209622,0.267199,0.008966,0.009889,0.018252,0.001937,,,,
2026-08-24 23:00:00,0.154371,0.188783,,,0.22097,0.243087,0.209387,0.266842,0.008958,0.009894,0.018235,0.001896,,,,
2026-08-25 00:00:00,0.155171,0.188616,,,0.220746,0.244275,0.209144,0.266623,0.008868,0.009894,0.018235,0.00186,,,,
2026-08-25 01:00:00,0.155194,0.188406,,,0.220413,0.244222,0.208942,0.266203,0.008866,0.009836,0.018171,0.001822,,,,
2026-08-25 02:00:00,0.155253,0.188397,,,0.219898,0.244721,0.208465,0.265929,0.008854,0.009789,0.018092,0.001779,,,,
2026-08-25 03:00:00,0.155293,0.18832,,,0.219442,0.243506,0.208166,0.265683,0.008811,0.009789,0.018092,0.001777,,,,
2026-08-25 04:00:00,0.155319,0.188146,,,0.219061,0.243008,0.207779,0.265272,0.008813,0.009789,0.018118,0.001777,,,,
2026-08-25 05:00:00,0.155326,0.188177,,,0.218945,0.243165,0.207682,0.265135,0.008866,0.009808,0.018235,0.001777,,,,
2026-08-25 06:00:00,0.155305,0.188103,,,0.21887,0.24313,0.207666,0.265117,0.008866,0.009897,0.018235,0.001792,,,,
2026-08-25 07:00:00,0.155209,0.187915,,,0.218928,0.244109,0.207392,0.265053,0.0088,0.00991,0.018152,0.001822,,,,
2026-08-25 08:00:00,0.155023,0.187775,,,0.218564,0.244844,0.207198,0.264917,0.008605,0.009738,0.017687,0.001822,,,,
2026-08-25 09:00:00,0.154888,0.18771,,,0.218291,0.24572,0.206844,0.264908,0.00839,0.009467,0.016917,0.001822,,,,
2026-08-25 10:00:00,0.154752,0.187556,,,0.217861,0.246537,0.20641,0.265409,0.008119,0.009098,0.015919,0.001822,,,,
2026-08-25 11:00:00,0.153821,0.187287,,,0.217531,0.249587,0.206056,0.266221,0.007868,0.008727,0.01484,0.001822,,,,
2026-08-25 12:00:00,0.154414,0.187194,,,0.217473,0.253163,0.205759,0.267007,0.007586,0.00833,0.013742,0.001819,,,,
2026-08-25 13:00:00,0.154159,0.186984,,,0.217383,0.248597,0.205679,0.267062,0.007265,0.007937,0.012686,0.001782,,,,
2026-08-25 14:00:00,0.153868,0.186717,,,0.217102,0.249092,0.205302,0.266787,0.00695,0.007599,0.011675,0.001764,,,,
2026-08-25 15:00:00,0.153613,0.186433,,,0.21669,0.248333,0.204893,0.266513,0.006664,0.007283,0.010726,0.001732,,,,
2026-08-25 16:00:00,0.152663,0.186199,,,0.21641,0.249737,0.204524,0.26602,0.006395,0.006994,0.009887,0.001742,,,,
2026-08-25 17:00:00,0.153277,0.185862,,,0.215875,0.248686,0.204108,0.26581,0.006144,0.006738,0.00913,0.001732,,,,
2026-08-25 18:00:00,0.153144,0.185629,,,0.215472,0.249542,0.203565,0.265318,0.005944,0.006626,0.008467,0.001688,,,,
2026-08-25 19:00:00,0.153112,0.185505,,,0.215029,0.250817,0.203294,0.264634,0.00579,0.006647,0.007959,0.001597,,,,
2026-08-25 20:00:00,0.153129,0.185346,,,0.214643,0.251012,0.202967,0.263988,0.005727,0.006802,0.007654,0.001528,,,,
2026-08-25 21:00:00,0.15306,0.185216,,,0.214553,0.25246,0.202871,0.263289,0.005727,0.007017,0.007559,0.001486,,,,
2026-08-25 22:00:00,0.152973,0.184866,,,0.214406,0.251766,0.202608,0.262699,0.005621,0.007068,0.007378,0.001428,,,,
2026-08-25 23:00:00,0.152994,0.184891,,,0.213906,0.250826,0.202369,0.2623,0.005539,0.007067,0.007203,0.001392,,,,
2026-08-26 00:00:00,0.152259,0.184792,,,0.213481,0.249233,0.201955,0.261937,0.005474,0.007066,0.007086,0.001358,,,,
2026-08-26 01:00:00,0.15304,0.184701,,,0.213064,0.247777,0.20178,0.261566,0.00543,0.007068,0.006991,0.001333,,,,
2026-08-26 02:00:00,0.153061,0.184617,,,0.212721,0.247531,0.201407,0.261059,0.005396,0.007006,0.006921,0.001314,,,,
2026-08-26 03:00:00,0.152333,0.184566,,,0.212403,0.247196,0.200962,0.260734,0.005379,0.006997,0.006891,0.001281,,,,
2026-08-26 04:00:00,0.153125,0.184504,,,0.212044,0.246642,0.200923,0.260626,0.005395,0.007063,0.006891,0.001281,,,,
2026-08-26 05:00:00,0.153126,0.184345,,,0.212052,0.247495,0.200613,0.260436,0.005396,0.00708,0.006891,0.001281,,,,
2026-08-26 06:00:00,0.153059,0.184355,,,0.212003,0.247275,0.200495,0.260382,0.005421,0.007198,0.006931,0.001299,,,,
2026-08-26 07:00:00,0.152944,0.184243,,,0.212117,0.248227,0.200495,0.259984,0.005381,0.007205,0.006935,0.00132,,,,
2026-08-26 08:00:00,0.152711,0.184077,,,0.211987,0.248959,0.20032,0.259994,0.005217,0.00706,0.006745,0.001319,,,,
2026-08-26 09:00:00,0.152581,0.183927,,,0.211596,0.255975,0.200011,0.259777,0.005037,0.006819,0.006448,0.001319,,,,
